s{R[h,s{,s撬,NO,ЂNO,,t,j,݂Ђ,Dwx,Bx,Olx,x,x,oЂ,oЂΊJÏꏊ,Dwx̃e[},li܂ܕ\Eǂݏグj
221309,É,ls,2021011222,202101,ݍL,2025-12-22,,,,,,,,,,,
221309,É,ls,2021011223,202101,ݍL,2025-12-23,,,,,,,,,,,
221309,É,ls,2021011224,202101,ݍL,2025-12-24,,,,,,,,,,,
221309,É,ls,2021011225,202101,ݍL,2025-12-25,,,,,,,,,,,
221309,É,ls,2021011226,202101,ݍL,2025-12-26,,,,,,,,,,,
221309,É,ls,2021011227,202101,ݍL,2025-12-27,y,,,,,,,,,,
221309,É,ls,2021011228,202101,ݍL,2025-12-28,,,,,,,,,,,
221309,É,ls,2021011229,202101,ݍL,2025-12-29,,,,,,,,,,,
221309,É,ls,2021011230,202101,ݍL,2025-12-30,,,,,,,,,,,
221309,É,ls,2021011231,202101,ݍL,2025-12-31,,,,,,,,,,,
221309,É,ls,2021010101,202101,ݍL,2026-01-01,,,,,,,,,,,
221309,É,ls,2021010102,202101,ݍL,2026-01-02,,,,,,,,,,,
221309,É,ls,2021010103,202101,ݍL,2026-01-03,y,,,,,,,,,,
221309,É,ls,2021010104,202101,ݍL,2026-01-04,,,,,,,,,,,
221309,É,ls,2021010105,202101,ݍL,2026-01-05,,,,,,,,,,,
221309,É,ls,2021010106,202101,ݍL,2026-01-06,,,,,,,,,,,
221309,É,ls,2021010107,202101,ݍL,2026-01-07,,,,,,,,,,,
221309,É,ls,2021010108,202101,ݍL,2026-01-08,,,,,,,,,N̉,,
221309,É,ls,2021010109,202101,ݍL,2026-01-09,,,,,,,,,,,
221309,É,ls,2021010110,202101,ݍL,2026-01-10,y,,,,,,,,,,
221309,É,ls,2021010111,202101,ݍL,2026-01-11,,,,,,,,,,,
221309,É,ls,2021010112,202101,ݍL,2026-01-12,,,,,,,,,,,
221309,É,ls,2021010113,202101,ݍL,2026-01-13,,,,,,,,,,,
221309,É,ls,2021010114,202101,ݍL,2026-01-14,,,,,,,,,,̘b,
221309,É,ls,2021010115,202101,ݍL,2026-01-15,,,,,,,,,,,
221309,É,ls,2021010116,202101,ݍL,2026-01-16,,,,,,,,,,,
221309,É,ls,2021010117,202101,ݍL,2026-01-17,y,,,,,,,,,,
221309,É,ls,2021010118,202101,ݍL,2026-01-18,,,,,,,,,,,
221309,É,ls,2021010119,202101,ݍL,2026-01-19,,,,,,,,,,,
221309,É,ls,2021010120,202101,ݍL,2026-01-20,,,,,,,,,N̉,,
221309,É,ls,2021010121,202101,ݍL,2026-01-21,,,,,,,,,,,
221309,É,ls,2021010122,202101,ݍL,2026-01-22,,,,,,,,,,,
221309,É,ls,2021010123,202101,ݍL,2026-01-23,,,,,,,,,,,
221309,É,ls,2021010124,202101,ݍL,2026-01-24,y,,,,,,,,,Y̘b,
221309,É,ls,2021010125,202101,ݍL,2026-01-25,,,,,,,,,,,
221309,É,ls,2021010126,202101,ݍL,2026-01-26,,,,,,,,,,,
221309,É,ls,2021010127,202101,ݍL,2026-01-27,,,,,,,,,N̉,,
221309,É,ls,2021010128,202101,ݍL,2026-01-28,,,,,,,,,,,
221309,É,ls,2021010129,202101,ݍL,2026-01-29,,,,,,,,,,,
221309,É,ls,2021010130,202101,ݍL,2026-01-30,,,,,,,,,,,
221309,É,ls,2021010131,202101,ݍL,2026-01-31,y,,,,,,,,,,
221309,É,ls,2021021222,202102,JK[̂,2025-12-22,,,,,,,,,,,
221309,É,ls,2021021223,202102,JK[̂,2025-12-23,,,,,,,,,,,
221309,É,ls,2021021224,202102,JK[̂,2025-12-24,,,,,,,,,,,
221309,É,ls,2021021225,202102,JK[̂,2025-12-25,,,,,,,,,,,
221309,É,ls,2021021226,202102,JK[̂,2025-12-26,,,,,,,,,,,
221309,É,ls,2021021227,202102,JK[̂,2025-12-27,y,,,,,,,,,,
221309,É,ls,2021021228,202102,JK[̂,2025-12-28,,,,,,,,,,,
221309,É,ls,2021021229,202102,JK[̂,2025-12-29,,,,,,,,,,,
221309,É,ls,2021021230,202102,JK[̂,2025-12-30,,,,,,,,,,,
221309,É,ls,2021021231,202102,JK[̂,2025-12-31,,,,,,,,,,,
221309,É,ls,2021020101,202102,JK[̂,2026-01-01,,,,,,,,,,,
221309,É,ls,2021020102,202102,JK[̂,2026-01-02,,,,,,,,,,,
221309,É,ls,2021020103,202102,JK[̂,2026-01-03,y,,,,,,,,,,
221309,É,ls,2021020104,202102,JK[̂,2026-01-04,,,,,,,,,,,
221309,É,ls,2021020105,202102,JK[̂,2026-01-05,,,,,,,,,,,
221309,É,ls,2021020106,202102,JK[̂,2026-01-06,,,,,,,,,,Y̘b,
221309,É,ls,2021020107,202102,JK[̂,2026-01-07,,,,,,,,,,,
221309,É,ls,2021020108,202102,JK[̂,2026-01-08,,,,,,,,,ے˒,,
221309,É,ls,2021020109,202102,JK[̂,2026-01-09,,,,,,,,,,,
221309,É,ls,2021020110,202102,JK[̂,2026-01-10,y,,,,,,,,,,
221309,É,ls,2021020111,202102,JK[̂,2026-01-11,,,,,,,,,,,
221309,É,ls,2021020112,202102,JK[̂,2026-01-12,,,,,,,,,,,
221309,É,ls,2021020113,202102,JK[̂,2026-01-13,,,,,,,,,,,
221309,É,ls,2021020114,202102,JK[̂,2026-01-14,,,,,,,,,,,
221309,É,ls,2021020115,202102,JK[̂,2026-01-15,,,,,,,,,ے˒,,
221309,É,ls,2021020116,202102,JK[̂,2026-01-16,,,,,,,,,,,
221309,É,ls,2021020117,202102,JK[̂,2026-01-17,y,,,,,,,,,̘b,
221309,É,ls,2021020118,202102,JK[̂,2026-01-18,,,,,,,,,,,
221309,É,ls,2021020119,202102,JK[̂,2026-01-19,,,,,,,,,,,
221309,É,ls,2021020120,202102,JK[̂,2026-01-20,,,,,,,,,,,
221309,É,ls,2021020121,202102,JK[̂,2026-01-21,,,,,,,,,,,
221309,É,ls,2021020122,202102,JK[̂,2026-01-22,,,,,,,,,ے˒,,
221309,É,ls,2021020123,202102,JK[̂,2026-01-23,,,,,,,,,,,
221309,É,ls,2021020124,202102,JK[̂,2026-01-24,y,,,,,,,,,,
221309,É,ls,2021020125,202102,JK[̂,2026-01-25,,,,,,,,,,,
221309,É,ls,2021020126,202102,JK[̂,2026-01-26,,,,,,,,,,,
221309,É,ls,2021020127,202102,JK[̂,2026-01-27,,,,,,,,,,,
221309,É,ls,2021020128,202102,JK[̂,2026-01-28,,,,,,,,,,,
221309,É,ls,2021020129,202102,JK[̂,2026-01-29,,,,,,,,,,,
221309,É,ls,2021020130,202102,JK[̂,2026-01-30,,,,,,,,,,,
221309,É,ls,2021020131,202102,JK[̂,2026-01-31,y,,,,,,,,,,
221309,É,ls,2021031222,202103,Luanai邠ȁj,2025-12-22,,,,,,,,,䋦Z^[,,
221309,É,ls,2021031223,202103,Luanai邠ȁj,2025-12-23,,,,,,,,,,,
221309,É,ls,2021031224,202103,Luanai邠ȁj,2025-12-24,,,,,,,,,,,
221309,É,ls,2021031225,202103,Luanai邠ȁj,2025-12-25,,,,,,,,,,,
221309,É,ls,2021031226,202103,Luanai邠ȁj,2025-12-26,,,,,,,,,,,
221309,É,ls,2021031227,202103,Luanai邠ȁj,2025-12-27,y,,,,,,,,,,
221309,É,ls,2021031228,202103,Luanai邠ȁj,2025-12-28,,,,,,,,,,,
221309,É,ls,2021031229,202103,Luanai邠ȁj,2025-12-29,,,,,,,,,,,
221309,É,ls,2021031230,202103,Luanai邠ȁj,2025-12-30,,,,,,,,,,,
221309,É,ls,2021031231,202103,Luanai邠ȁj,2025-12-31,,,,,,,,,,,
221309,É,ls,2021030101,202103,Luanai邠ȁj,2026-01-01,,,,,,,,,,,
221309,É,ls,2021030102,202103,Luanai邠ȁj,2026-01-02,,,,,,,,,,,
221309,É,ls,2021030103,202103,Luanai邠ȁj,2026-01-03,y,,,,,,,,,,
221309,É,ls,2021030104,202103,Luanai邠ȁj,2026-01-04,,,,,,,,,,,
221309,É,ls,2021030105,202103,Luanai邠ȁj,2026-01-05,,,,,,,,,,,
221309,É,ls,2021030106,202103,Luanai邠ȁj,2026-01-06,,,,,,,,,,,
221309,É,ls,2021030107,202103,Luanai邠ȁj,2026-01-07,,,,,,,,,,,
221309,É,ls,2021030108,202103,Luanai邠ȁj,2026-01-08,,,,,,,,,,,
221309,É,ls,2021030109,202103,Luanai邠ȁj,2026-01-09,,,,,,,,,,,
221309,É,ls,2021030110,202103,Luanai邠ȁj,2026-01-10,y,,,,,,,,,,
221309,É,ls,2021030111,202103,Luanai邠ȁj,2026-01-11,,,,,,,,,,,
221309,É,ls,2021030112,202103,Luanai邠ȁj,2026-01-12,,,,,,,,,,,
221309,É,ls,2021030113,202103,Luanai邠ȁj,2026-01-13,,,,,,,,,,,
221309,É,ls,2021030114,202103,Luanai邠ȁj,2026-01-14,,,,,,,,,,,
221309,É,ls,2021030115,202103,Luanai邠ȁj,2026-01-15,,,,,,,,,,,
221309,É,ls,2021030116,202103,Luanai邠ȁj,2026-01-16,,,,,,,,,,̘b,
221309,É,ls,2021030117,202103,Luanai邠ȁj,2026-01-17,y,,,,,,,,,,
221309,É,ls,2021030118,202103,Luanai邠ȁj,2026-01-18,,,,,,,,,,,
221309,É,ls,2021030119,202103,Luanai邠ȁj,2026-01-19,,,,,,,,,䋦Z^[,,
221309,É,ls,2021030120,202103,Luanai邠ȁj,2026-01-20,,,,,,,,,,,
221309,É,ls,2021030121,202103,Luanai邠ȁj,2026-01-21,,,,,,,,,,,
221309,É,ls,2021030122,202103,Luanai邠ȁj,2026-01-22,,,,,,,,,,,
221309,É,ls,2021030123,202103,Luanai邠ȁj,2026-01-23,,,,,,,,,,Y̘b,
221309,É,ls,2021030124,202103,Luanai邠ȁj,2026-01-24,y,,,,,,,,,,
221309,É,ls,2021030125,202103,Luanai邠ȁj,2026-01-25,,,,,,,,,,,
221309,É,ls,2021030126,202103,Luanai邠ȁj,2026-01-26,,,,,,,,,䋦Z^[,,
221309,É,ls,2021030127,202103,Luanai邠ȁj,2026-01-27,,,,,,,,,,,
221309,É,ls,2021030128,202103,Luanai邠ȁj,2026-01-28,,,,,,,,,,,
221309,É,ls,2021030129,202103,Luanai邠ȁj,2026-01-29,,,,,,,,,,,
221309,É,ls,2021030130,202103,Luanai邠ȁj,2026-01-30,,,,,,,,,,,
221309,É,ls,2021030131,202103,Luanai邠ȁj,2026-01-31,y,,,,,,,,,,
221309,É,ls,2021041222,202104,Ђ,2025-12-22,,,,,,,,,,,
221309,É,ls,2021041223,202104,Ђ,2025-12-23,,,,,,,,,,,
221309,É,ls,2021041224,202104,Ђ,2025-12-24,,,,,,,,,,,
221309,É,ls,2021041225,202104,Ђ,2025-12-25,,,,,,,,,,,
221309,É,ls,2021041226,202104,Ђ,2025-12-26,,,,,,,,,,,
221309,É,ls,2021041227,202104,Ђ,2025-12-27,y,,,,,,,,,,
221309,É,ls,2021041228,202104,Ђ,2025-12-28,,,,,,,,,,,
221309,É,ls,2021041229,202104,Ђ,2025-12-29,,,,,,,,,,,
221309,É,ls,2021041230,202104,Ђ,2025-12-30,,,,,,,,,,,
221309,É,ls,2021041231,202104,Ђ,2025-12-31,,,,,,,,,,,
221309,É,ls,2021040101,202104,Ђ,2026-01-01,,,,,,,,,,,
221309,É,ls,2021040102,202104,Ђ,2026-01-02,,,,,,,,,,,
221309,É,ls,2021040103,202104,Ђ,2026-01-03,y,,,,,,,,,,
221309,É,ls,2021040104,202104,Ђ,2026-01-04,,,,,,,,,,,
221309,É,ls,2021040105,202104,Ђ,2026-01-05,,,,,,,,,,,
221309,É,ls,2021040106,202104,Ђ,2026-01-06,,,,,,,,,,,
221309,É,ls,2021040107,202104,Ђ,2026-01-07,,,,,,,,,,Ԃpi̘b,
221309,É,ls,2021040108,202104,Ђ,2026-01-08,,,,,,,,,xˋZ^[,,
221309,É,ls,2021040109,202104,Ђ,2026-01-09,,,,,,,,,,,
221309,É,ls,2021040110,202104,Ђ,2026-01-10,y,,,,,,,,,,x͐exuł
221309,É,ls,2021040111,202104,Ђ,2026-01-11,,,,,,,,,,,
221309,É,ls,2021040112,202104,Ђ,2026-01-12,,,,,,,,,,,
221309,É,ls,2021040113,202104,Ђ,2026-01-13,,,,,,,,,,,
221309,É,ls,2021040114,202104,Ђ,2026-01-14,,,,,,,,,,,
221309,É,ls,2021040115,202104,Ђ,2026-01-15,,,,,,,,,xˋZ^[,,
221309,É,ls,2021040116,202104,Ђ,2026-01-16,,,,,,,,,,,
221309,É,ls,2021040117,202104,Ђ,2026-01-17,y,,,,,,,,,,
221309,É,ls,2021040118,202104,Ђ,2026-01-18,,,,,,,,,,,
221309,É,ls,2021040119,202104,Ђ,2026-01-19,,,,,,,,,,,
221309,É,ls,2021040120,202104,Ђ,2026-01-20,,,,,,,,,,,
221309,É,ls,2021040121,202104,Ђ,2026-01-21,,,,,,,,,,Ԃpi̘b,
221309,É,ls,2021040122,202104,Ђ,2026-01-22,,,,,,,,,xˋZ^[,,
221309,É,ls,2021040123,202104,Ђ,2026-01-23,,,,,,,,,,,
221309,É,ls,2021040124,202104,Ђ,2026-01-24,y,,,,,,,,,,qčuKł
221309,É,ls,2021040125,202104,Ђ,2026-01-25,,,,,,,,,,,
221309,É,ls,2021040126,202104,Ђ,2026-01-26,,,,,,,,,,,
221309,É,ls,2021040127,202104,Ђ,2026-01-27,,,,,,,,,,,
221309,É,ls,2021040128,202104,Ђ,2026-01-28,,,,,,,,,,,
221309,É,ls,2021040129,202104,Ђ,2026-01-29,,,,,,,,,,,
221309,É,ls,2021040130,202104,Ђ,2026-01-30,,,,,,,,,,,
221309,É,ls,2021040131,202104,Ђ,2026-01-31,y,,,,,,,,,,
221309,É,ls,2021051222,202105,킳Ђ,2025-12-22,,,,,,,,,,,
221309,É,ls,2021051223,202105,킳Ђ,2025-12-23,,,,,,,,,,,
221309,É,ls,2021051224,202105,킳Ђ,2025-12-24,,,,,,,,,,,
221309,É,ls,2021051225,202105,킳Ђ,2025-12-25,,,,,,,,,,,
221309,É,ls,2021051226,202105,킳Ђ,2025-12-26,,,,,,,,,,,
221309,É,ls,2021051227,202105,킳Ђ,2025-12-27,y,,,,,,,,,,
221309,É,ls,2021051228,202105,킳Ђ,2025-12-28,,,,,,,,,,,
221309,É,ls,2021051229,202105,킳Ђ,2025-12-29,,,,,,,,,,,
221309,É,ls,2021051230,202105,킳Ђ,2025-12-30,,,,,,,,,,,
221309,É,ls,2021051231,202105,킳Ђ,2025-12-31,,,,,,,,,,,
221309,É,ls,2021050101,202105,킳Ђ,2026-01-01,,,,,,,,,,,
221309,É,ls,2021050102,202105,킳Ђ,2026-01-02,,,,,,,,,,,
221309,É,ls,2021050103,202105,킳Ђ,2026-01-03,y,,,,,,,,,,
221309,É,ls,2021050104,202105,킳Ђ,2026-01-04,,,,,,,,,,,
221309,É,ls,2021050105,202105,킳Ђ,2026-01-05,,,,,,,,,,,
221309,É,ls,2021050106,202105,킳Ђ,2026-01-06,,,,,,,,,gnZ^[,,
221309,É,ls,2021050107,202105,킳Ђ,2026-01-07,,,,,,,,,,,
221309,É,ls,2021050108,202105,킳Ђ,2026-01-08,,,,,,,,,,̘b,
221309,É,ls,2021050109,202105,킳Ђ,2026-01-09,,,,,,,,,,,
221309,É,ls,2021050110,202105,킳Ђ,2026-01-10,y,,,,,,,,,,킿daył
221309,É,ls,2021050111,202105,킳Ђ,2026-01-11,,,,,,,,,,,pp̂΂ł
221309,É,ls,2021050112,202105,킳Ђ,2026-01-12,,,,,,,,,,,
221309,É,ls,2021050113,202105,킳Ђ,2026-01-13,,,,,,,,,gnZ^[,,͂܂t@CEm[gweek
221309,É,ls,2021050114,202105,킳Ђ,2026-01-14,,,,,,,,,,,͂܂t@CEm[gweekAׂ΂ł
221309,É,ls,2021050115,202105,킳Ђ,2026-01-15,,,,,,,,,,,͂܂t@CEm[gweek
221309,É,ls,2021050116,202105,킳Ђ,2026-01-16,,,,,,,,,,,͂܂t@CEm[gweek
221309,É,ls,2021050117,202105,킳Ђ,2026-01-17,y,,,,,,,,,Ԃpi̘b,͂܂t@CEm[gweek
221309,É,ls,2021050118,202105,킳Ђ,2026-01-18,,,,,,,,,,,͂܂t@CEm[gweek
221309,É,ls,2021050119,202105,킳Ђ,2026-01-19,,,,,,,,,,,
221309,É,ls,2021050120,202105,킳Ђ,2026-01-20,,,,,,,,,gnZ^[,,͂܂t@CEm[gweek
221309,É,ls,2021050121,202105,킳Ђ,2026-01-21,,,,,,,,,,,₩daył
221309,É,ls,2021050122,202105,킳Ђ,2026-01-22,,,,,,,,,,,
221309,É,ls,2021050123,202105,킳Ђ,2026-01-23,,,,,,,,,,,܂Ȃт΂ł
221309,É,ls,2021050124,202105,킳Ђ,2026-01-24,y,,,,,,,,,,pp̂΂ł
221309,É,ls,2021050125,202105,킳Ђ,2026-01-25,,,,,,,,,,,
221309,É,ls,2021050126,202105,킳Ђ,2026-01-26,,,,,,,,,,,Ђ낿daył
221309,É,ls,2021050127,202105,킳Ђ,2026-01-27,,,,,,,,,gnZ^[,,
221309,É,ls,2021050128,202105,킳Ђ,2026-01-28,,,,,,,,,,,
221309,É,ls,2021050129,202105,킳Ђ,2026-01-29,,,,,,,,,,,
221309,É,ls,2021050130,202105,킳Ђ,2026-01-30,,,,,,,,,,,
221309,É,ls,2021050131,202105,킳Ђ,2026-01-31,y,,,,,,,,,,
221309,É,ls,2021061222,202106,܂܂̂ڂ,2025-12-22,,,,,,,,,,,
221309,É,ls,2021061223,202106,܂܂̂ڂ,2025-12-23,,,,,,,,,,,
221309,É,ls,2021061224,202106,܂܂̂ڂ,2025-12-24,,,,,,,,,,,
221309,É,ls,2021061225,202106,܂܂̂ڂ,2025-12-25,,,,,,,,,,,
221309,É,ls,2021061226,202106,܂܂̂ڂ,2025-12-26,,,,,,,,,,,
221309,É,ls,2021061227,202106,܂܂̂ڂ,2025-12-27,y,,,,,,,,,,
221309,É,ls,2021061228,202106,܂܂̂ڂ,2025-12-28,,,,,,,,,,,
221309,É,ls,2021061229,202106,܂܂̂ڂ,2025-12-29,,,,,,,,,,,
221309,É,ls,2021061230,202106,܂܂̂ڂ,2025-12-30,,,,,,,,,,,
221309,É,ls,2021061231,202106,܂܂̂ڂ,2025-12-31,,,,,,,,,,,
221309,É,ls,2021060101,202106,܂܂̂ڂ,2026-01-01,,,,,,,,,,,
221309,É,ls,2021060102,202106,܂܂̂ڂ,2026-01-02,,,,,,,,,,,
221309,É,ls,2021060103,202106,܂܂̂ڂ,2026-01-03,y,,,,,,,,,,
221309,É,ls,2021060104,202106,܂܂̂ڂ,2026-01-04,,,,,,,,,,,
221309,É,ls,2021060105,202106,܂܂̂ڂ,2026-01-05,,,,,,,,,,,
221309,É,ls,2021060106,202106,܂܂̂ڂ,2026-01-06,,,,,,,,,,,
221309,É,ls,2021060107,202106,܂܂̂ڂ,2026-01-07,,,,,,,,,,,
221309,É,ls,2021060108,202106,܂܂̂ڂ,2026-01-08,,,,,,,,,,,
221309,É,ls,2021060109,202106,܂܂̂ڂ,2026-01-09,,,,,,,,,,,
221309,É,ls,2021060110,202106,܂܂̂ڂ,2026-01-10,y,,,,,,,,,Y̘b,
221309,É,ls,2021060111,202106,܂܂̂ڂ,2026-01-11,,,,,,,,,,,
221309,É,ls,2021060112,202106,܂܂̂ڂ,2026-01-12,,,,,,,,,,,
221309,É,ls,2021060113,202106,܂܂̂ڂ,2026-01-13,,,,,,,,,,,
221309,É,ls,2021060114,202106,܂܂̂ڂ,2026-01-14,,,,,,,,,,,
221309,É,ls,2021060115,202106,܂܂̂ڂ,2026-01-15,,,,,,,,,,,
221309,É,ls,2021060116,202106,܂܂̂ڂ,2026-01-16,,,,,,,,,uk,,
221309,É,ls,2021060117,202106,܂܂̂ڂ,2026-01-17,y,,,,,,,,,,
221309,É,ls,2021060118,202106,܂܂̂ڂ,2026-01-18,,,,,,,,,,,
221309,É,ls,2021060119,202106,܂܂̂ڂ,2026-01-19,,,,,,,,,,,
221309,É,ls,2021060120,202106,܂܂̂ڂ,2026-01-20,,,,,,,,,,Y̘b,
221309,É,ls,2021060121,202106,܂܂̂ڂ,2026-01-21,,,,,,,,,,,
221309,É,ls,2021060122,202106,܂܂̂ڂ,2026-01-22,,,,,,,,,,,
221309,É,ls,2021060123,202106,܂܂̂ڂ,2026-01-23,,,,,,,,,uk,,
221309,É,ls,2021060124,202106,܂܂̂ڂ,2026-01-24,y,,,,,,,,,,
221309,É,ls,2021060125,202106,܂܂̂ڂ,2026-01-25,,,,,,,,,,,
221309,É,ls,2021060126,202106,܂܂̂ڂ,2026-01-26,,,,,,,,,,,
221309,É,ls,2021060127,202106,܂܂̂ڂ,2026-01-27,,,,,,,,,,,
221309,É,ls,2021060128,202106,܂܂̂ڂ,2026-01-28,,,,,,,,,,,
221309,É,ls,2021060129,202106,܂܂̂ڂ,2026-01-29,,,,,,,,,,,
221309,É,ls,2021060130,202106,܂܂̂ڂ,2026-01-30,,,,,,,,,uk,,
221309,É,ls,2021060131,202106,܂܂̂ڂ,2026-01-31,y,,,,,,,,,,
221309,É,ls,2021071222,202107,,2025-12-22,,,,,,,,,,,
221309,É,ls,2021071223,202107,,2025-12-23,,,,,,,,,,,
221309,É,ls,2021071224,202107,,2025-12-24,,,,,,,,,,,
221309,É,ls,2021071225,202107,,2025-12-25,,,,,,,,,,,
221309,É,ls,2021071226,202107,,2025-12-26,,,,,,,,,,,
221309,É,ls,2021071227,202107,,2025-12-27,y,,,,,,,,,,
221309,É,ls,2021071228,202107,,2025-12-28,,,,,,,,,,,
221309,É,ls,2021071229,202107,,2025-12-29,,,,,,,,,,,
221309,É,ls,2021071230,202107,,2025-12-30,,,,,,,,,,,
221309,É,ls,2021071231,202107,,2025-12-31,,,,,,,,,,,
221309,É,ls,2021070101,202107,,2026-01-01,,,,,,,,,,,
221309,É,ls,2021070102,202107,,2026-01-02,,,,,,,,,,,
221309,É,ls,2021070103,202107,,2026-01-03,y,,,,,,,,,,
221309,É,ls,2021070104,202107,,2026-01-04,,,,,,,,,,,
221309,É,ls,2021070105,202107,,2026-01-05,,,,,,,,,,,
221309,É,ls,2021070106,202107,,2026-01-06,,,,,,,,,,,
221309,É,ls,2021070107,202107,,2026-01-07,,,,,,,,,,,
221309,É,ls,2021070108,202107,,2026-01-08,,,,,,,,,,,
221309,É,ls,2021070109,202107,,2026-01-09,,,,,,,,,V,,
221309,É,ls,2021070110,202107,,2026-01-10,y,,,,,,,,,Y̘b,
221309,É,ls,2021070111,202107,,2026-01-11,,,,,,,,,,,
221309,É,ls,2021070112,202107,,2026-01-12,,,,,,,,,,,
221309,É,ls,2021070113,202107,,2026-01-13,,,,,,,,,,,
221309,É,ls,2021070114,202107,,2026-01-14,,,,,,,,,,,
221309,É,ls,2021070115,202107,,2026-01-15,,,,,,,,,,Y̘b,
221309,É,ls,2021070116,202107,,2026-01-16,,,,,,,,,V,,
221309,É,ls,2021070117,202107,,2026-01-17,y,,,,,,,,,,
221309,É,ls,2021070118,202107,,2026-01-18,,,,,,,,,,,
221309,É,ls,2021070119,202107,,2026-01-19,,,,,,,,,,,
221309,É,ls,2021070120,202107,,2026-01-20,,,,,,,,,,,
221309,É,ls,2021070121,202107,,2026-01-21,,,,,,,,,,,
221309,É,ls,2021070122,202107,,2026-01-22,,,,,,,,,,,
221309,É,ls,2021070123,202107,,2026-01-23,,,,,,,,,V,,
221309,É,ls,2021070124,202107,,2026-01-24,y,,,,,,,,,,
221309,É,ls,2021070125,202107,,2026-01-25,,,,,,,,,,,
221309,É,ls,2021070126,202107,,2026-01-26,,,,,,,,,,,
221309,É,ls,2021070127,202107,,2026-01-27,,,,,,,,,,,
221309,É,ls,2021070128,202107,,2026-01-28,,,,,,,,,,,
221309,É,ls,2021070129,202107,,2026-01-29,,,,,,,,,,,
221309,É,ls,2021070130,202107,,2026-01-30,,,,,,,,,V,,
221309,É,ls,2021070131,202107,,2026-01-31,y,,,,,,,,,,
221309,É,ls,2021081222,202108,,2025-12-22,,,,,,,,,,Ԃpi̘b,
221309,É,ls,2021081223,202108,,2025-12-23,,,,,,,,,VZ^[,,
221309,É,ls,2021081224,202108,,2025-12-24,,,,,,,,,,,
221309,É,ls,2021081225,202108,,2025-12-25,,,,,,,,,,,
221309,É,ls,2021081226,202108,,2025-12-26,,,,,,,,,,,
221309,É,ls,2021081227,202108,,2025-12-27,y,,,,,,,,,,
221309,É,ls,2021081228,202108,,2025-12-28,,,,,,,,,,,
221309,É,ls,2021081229,202108,,2025-12-29,,,,,,,,,,,
221309,É,ls,2021081230,202108,,2025-12-30,,,,,,,,,,,
221309,É,ls,2021081231,202108,,2025-12-31,,,,,,,,,,,
221309,É,ls,2021080101,202108,,2026-01-01,,,,,,,,,,,
221309,É,ls,2021080102,202108,,2026-01-02,,,,,,,,,,,
221309,É,ls,2021080103,202108,,2026-01-03,y,,,,,,,,,,
221309,É,ls,2021080104,202108,,2026-01-04,,,,,,,,,,,
221309,É,ls,2021080105,202108,,2026-01-05,,,,,,,,,,,
221309,É,ls,2021080106,202108,,2026-01-06,,,,,,,,,,,
221309,É,ls,2021080107,202108,,2026-01-07,,,,,,,,,,,
221309,É,ls,2021080108,202108,,2026-01-08,,,,,,,,,,,
221309,É,ls,2021080109,202108,,2026-01-09,,,,,,,,,,,
221309,É,ls,2021080110,202108,,2026-01-10,y,,,,,,,,,,
221309,É,ls,2021080111,202108,,2026-01-11,,,,,,,,,,,
221309,É,ls,2021080112,202108,,2026-01-12,,,,,,,,,,,
221309,É,ls,2021080113,202108,,2026-01-13,,,,,,,,,VZ^[,,
221309,É,ls,2021080114,202108,,2026-01-14,,,,,,,,,,,
221309,É,ls,2021080115,202108,,2026-01-15,,,,,,,,,,,
221309,É,ls,2021080116,202108,,2026-01-16,,,,,,,,,,,
221309,É,ls,2021080117,202108,,2026-01-17,y,,,,,,,,,,
221309,É,ls,2021080118,202108,,2026-01-18,,,,,,,,,,,
221309,É,ls,2021080119,202108,,2026-01-19,,,,,,,,,,Y̘b,
221309,É,ls,2021080120,202108,,2026-01-20,,,,,,,,,VZ^[,,
221309,É,ls,2021080121,202108,,2026-01-21,,,,,,,,,,,
221309,É,ls,2021080122,202108,,2026-01-22,,,,,,,,,,,
221309,É,ls,2021080123,202108,,2026-01-23,,,,,,,,,,,
221309,É,ls,2021080124,202108,,2026-01-24,y,,,,,,,,,,
221309,É,ls,2021080125,202108,,2026-01-25,,,,,,,,,,,
221309,É,ls,2021080126,202108,,2026-01-26,,,,,,,,,,Y̘b,
221309,É,ls,2021080127,202108,,2026-01-27,,,,,,,,,VZ^[,,
221309,É,ls,2021080128,202108,,2026-01-28,,,,,,,,,,,
221309,É,ls,2021080129,202108,,2026-01-29,,,,,,,,,,,
221309,É,ls,2021080130,202108,,2026-01-30,,,,,,,,,,,
221309,É,ls,2021080131,202108,,2026-01-31,y,,,,,,,,,,
221309,É,ls,2021091222,202109,ǂ񂮂Ђ,2025-12-22,,,,,,,,,,,
221309,É,ls,2021091223,202109,ǂ񂮂Ђ,2025-12-23,,,,,,,,,,Ԃpi̘b,
221309,É,ls,2021091224,202109,ǂ񂮂Ђ,2025-12-24,,,,,,,,,䂽Βn,,
221309,É,ls,2021091225,202109,ǂ񂮂Ђ,2025-12-25,,,,,,,,,,,
221309,É,ls,2021091226,202109,ǂ񂮂Ђ,2025-12-26,,,,,,,,,,,
221309,É,ls,2021091227,202109,ǂ񂮂Ђ,2025-12-27,y,,,,,,,,,,
221309,É,ls,2021091228,202109,ǂ񂮂Ђ,2025-12-28,,,,,,,,,,,
221309,É,ls,2021091229,202109,ǂ񂮂Ђ,2025-12-29,,,,,,,,,,,
221309,É,ls,2021091230,202109,ǂ񂮂Ђ,2025-12-30,,,,,,,,,,,
221309,É,ls,2021091231,202109,ǂ񂮂Ђ,2025-12-31,,,,,,,,,,,
221309,É,ls,2021090101,202109,ǂ񂮂Ђ,2026-01-01,,,,,,,,,,,
221309,É,ls,2021090102,202109,ǂ񂮂Ђ,2026-01-02,,,,,,,,,,,
221309,É,ls,2021090103,202109,ǂ񂮂Ђ,2026-01-03,y,,,,,,,,,,
221309,É,ls,2021090104,202109,ǂ񂮂Ђ,2026-01-04,,,,,,,,,,,
221309,É,ls,2021090105,202109,ǂ񂮂Ђ,2026-01-05,,,,,,,,,,,
221309,É,ls,2021090106,202109,ǂ񂮂Ђ,2026-01-06,,,,,,,,,,,
221309,É,ls,2021090107,202109,ǂ񂮂Ђ,2026-01-07,,,,,,,,,䂽Βn,,
221309,É,ls,2021090108,202109,ǂ񂮂Ђ,2026-01-08,,,,,,,,,,,
221309,É,ls,2021090109,202109,ǂ񂮂Ђ,2026-01-09,,,,,,,,,,,
221309,É,ls,2021090110,202109,ǂ񂮂Ђ,2026-01-10,y,,,,,,,,,,
221309,É,ls,2021090111,202109,ǂ񂮂Ђ,2026-01-11,,,,,,,,,,,
221309,É,ls,2021090112,202109,ǂ񂮂Ђ,2026-01-12,,,,,,,,,,,
221309,É,ls,2021090113,202109,ǂ񂮂Ђ,2026-01-13,,,,,,,,,,Y̘b,
221309,É,ls,2021090114,202109,ǂ񂮂Ђ,2026-01-14,,,,,,,,,䂽Βn,,
221309,É,ls,2021090115,202109,ǂ񂮂Ђ,2026-01-15,,,,,,,,,,,
221309,É,ls,2021090116,202109,ǂ񂮂Ђ,2026-01-16,,,,,,,,,,,
221309,É,ls,2021090117,202109,ǂ񂮂Ђ,2026-01-17,y,,,,,,,,,,
221309,É,ls,2021090118,202109,ǂ񂮂Ђ,2026-01-18,,,,,,,,,,,
221309,É,ls,2021090119,202109,ǂ񂮂Ђ,2026-01-19,,,,,,,,,,,
221309,É,ls,2021090120,202109,ǂ񂮂Ђ,2026-01-20,,,,,,,,,,,
221309,É,ls,2021090121,202109,ǂ񂮂Ђ,2026-01-21,,,,,,,,,䂽Βn,,
221309,É,ls,2021090122,202109,ǂ񂮂Ђ,2026-01-22,,,,,,,,,,,
221309,É,ls,2021090123,202109,ǂ񂮂Ђ,2026-01-23,,,,,,,,,,,
221309,É,ls,2021090124,202109,ǂ񂮂Ђ,2026-01-24,y,,,,,,,,,,
221309,É,ls,2021090125,202109,ǂ񂮂Ђ,2026-01-25,,,,,,,,,,,
221309,É,ls,2021090126,202109,ǂ񂮂Ђ,2026-01-26,,,,,,,,,,,
221309,É,ls,2021090127,202109,ǂ񂮂Ђ,2026-01-27,,,,,,,,,,Y̘b,
221309,É,ls,2021090128,202109,ǂ񂮂Ђ,2026-01-28,,,,,,,,,䂽Βn,,
221309,É,ls,2021090129,202109,ǂ񂮂Ђ,2026-01-29,,,,,,,,,,,
221309,É,ls,2021090130,202109,ǂ񂮂Ђ,2026-01-30,,,,,,,,,,,
221309,É,ls,2021090131,202109,ǂ񂮂Ђ,2026-01-31,y,,,,,,,,,,
221309,É,ls,2021111222,202111,O[h,2025-12-22,,,,,,,,,,,
221309,É,ls,2021111223,202111,O[h,2025-12-23,,,,,,,,,,,
221309,É,ls,2021111224,202111,O[h,2025-12-24,,,,,,,,,cRk,,
221309,É,ls,2021111225,202111,O[h,2025-12-25,,,,,,,,,,,
221309,É,ls,2021111226,202111,O[h,2025-12-26,,,,,,,,,,,
221309,É,ls,2021111227,202111,O[h,2025-12-27,y,,,,,,,,,,
221309,É,ls,2021111228,202111,O[h,2025-12-28,,,,,,,,,,,
221309,É,ls,2021111229,202111,O[h,2025-12-29,,,,,,,,,,,
221309,É,ls,2021111230,202111,O[h,2025-12-30,,,,,,,,,,,
221309,É,ls,2021111231,202111,O[h,2025-12-31,,,,,,,,,,,
221309,É,ls,2021110101,202111,O[h,2026-01-01,,,,,,,,,,,
221309,É,ls,2021110102,202111,O[h,2026-01-02,,,,,,,,,,,
221309,É,ls,2021110103,202111,O[h,2026-01-03,y,,,,,,,,,,
221309,É,ls,2021110104,202111,O[h,2026-01-04,,,,,,,,,,,
221309,É,ls,2021110105,202111,O[h,2026-01-05,,,,,,,,,,,
221309,É,ls,2021110106,202111,O[h,2026-01-06,,,,,,,,,,,
221309,É,ls,2021110107,202111,O[h,2026-01-07,,,,,,,,,cRk,,
221309,É,ls,2021110108,202111,O[h,2026-01-08,,,,,,,,,,,
221309,É,ls,2021110109,202111,O[h,2026-01-09,,,,,,,,,,̘b,
221309,É,ls,2021110110,202111,O[h,2026-01-10,y,,,,,,,,,,
221309,É,ls,2021110111,202111,O[h,2026-01-11,,,,,,,,,,,
221309,É,ls,2021110112,202111,O[h,2026-01-12,,,,,,,,,,,
221309,É,ls,2021110113,202111,O[h,2026-01-13,,,,,,,,,,,
221309,É,ls,2021110114,202111,O[h,2026-01-14,,,,,,,,,cRk,,
221309,É,ls,2021110115,202111,O[h,2026-01-15,,,,,,,,,,,
221309,É,ls,2021110116,202111,O[h,2026-01-16,,,,,,,,,,̘b,
221309,É,ls,2021110117,202111,O[h,2026-01-17,y,,,,,,,,,,
221309,É,ls,2021110118,202111,O[h,2026-01-18,,,,,,,,,,,
221309,É,ls,2021110119,202111,O[h,2026-01-19,,,,,,,,,,,
221309,É,ls,2021110120,202111,O[h,2026-01-20,,,,,,,,,,,
221309,É,ls,2021110121,202111,O[h,2026-01-21,,,,,,,,,cRk,,
221309,É,ls,2021110122,202111,O[h,2026-01-22,,,,,,,,,,,
221309,É,ls,2021110123,202111,O[h,2026-01-23,,,,,,,,,,,
221309,É,ls,2021110124,202111,O[h,2026-01-24,y,,,,,,,,,,
221309,É,ls,2021110125,202111,O[h,2026-01-25,,,,,,,,,,,
221309,É,ls,2021110126,202111,O[h,2026-01-26,,,,,,,,,,,
221309,É,ls,2021110127,202111,O[h,2026-01-27,,,,,,,,,,,
221309,É,ls,2021110128,202111,O[h,2026-01-28,,,,,,,,,cRk,,
221309,É,ls,2021110129,202111,O[h,2026-01-29,,,,,,,,,,,
221309,É,ls,2021110130,202111,O[h,2026-01-30,,,,,,,,,,,
221309,É,ls,2021110131,202111,O[h,2026-01-31,y,,,,,,,,,,
221309,É,ls,2024011222,202401,Ђ,2025-12-22,,,,,,,,,,,
221309,É,ls,2024011223,202401,Ђ,2025-12-23,,,,,,,,,Z^[,,
221309,É,ls,2024011224,202401,Ђ,2025-12-24,,,,,,,,,,,
221309,É,ls,2024011225,202401,Ђ,2025-12-25,,,,,,,,,,,
221309,É,ls,2024011226,202401,Ђ,2025-12-26,,,,,,,,,,,
221309,É,ls,2024011227,202401,Ђ,2025-12-27,y,,,,,,,,,,
221309,É,ls,2024011228,202401,Ђ,2025-12-28,,,,,,,,,,,
221309,É,ls,2024011229,202401,Ђ,2025-12-29,,,,,,,,,,,
221309,É,ls,2024011230,202401,Ђ,2025-12-30,,,,,,,,,,,
221309,É,ls,2024011231,202401,Ђ,2025-12-31,,,,,,,,,,,
221309,É,ls,2024010101,202401,Ђ,2026-01-01,,,,,,,,,,,
221309,É,ls,2024010102,202401,Ђ,2026-01-02,,,,,,,,,,,
221309,É,ls,2024010103,202401,Ђ,2026-01-03,y,,,,,,,,,,
221309,É,ls,2024010104,202401,Ђ,2026-01-04,,,,,,,,,,,
221309,É,ls,2024010105,202401,Ђ,2026-01-05,,,,,,,,,,,
221309,É,ls,2024010106,202401,Ђ,2026-01-06,,,,,,,,,,,
221309,É,ls,2024010107,202401,Ђ,2026-01-07,,,,,,,,,,,
221309,É,ls,2024010108,202401,Ђ,2026-01-08,,,,,,,,,,,
221309,É,ls,2024010109,202401,Ђ,2026-01-09,,,,,,,,,,,
221309,É,ls,2024010110,202401,Ђ,2026-01-10,y,,,,,,,,,,uK̃e[}͔BɂĂł(V؍D搶)
221309,É,ls,2024010111,202401,Ђ,2026-01-11,,,,,,,,,,,
221309,É,ls,2024010112,202401,Ђ,2026-01-12,,,,,,,,,,,
221309,É,ls,2024010113,202401,Ђ,2026-01-13,,,,,,,,,Z^[,,
221309,É,ls,2024010114,202401,Ђ,2026-01-14,,,,,,,,,,,
221309,É,ls,2024010115,202401,Ђ,2026-01-15,,,,,,,,,,,
221309,É,ls,2024010116,202401,Ђ,2026-01-16,,,,,,,,,,,
221309,É,ls,2024010117,202401,Ђ,2026-01-17,y,,,,,,,,,,
221309,É,ls,2024010118,202401,Ђ,2026-01-18,,,,,,,,,,,
221309,É,ls,2024010119,202401,Ђ,2026-01-19,,,,,,,,,,Y̘b,
221309,É,ls,2024010120,202401,Ђ,2026-01-20,,,,,,,,,Z^[,,
221309,É,ls,2024010121,202401,Ђ,2026-01-21,,,,,,,,,,,
221309,É,ls,2024010122,202401,Ђ,2026-01-22,,,,,,,,,,,
221309,É,ls,2024010123,202401,Ђ,2026-01-23,,,,,,,,,,,
221309,É,ls,2024010124,202401,Ђ,2026-01-24,y,,,,,,,,,,x͑čuł(L搶)
221309,É,ls,2024010125,202401,Ђ,2026-01-25,,,,,,,,,,,
221309,É,ls,2024010126,202401,Ђ,2026-01-26,,,,,,,,,,Ԃpi̘b,
221309,É,ls,2024010127,202401,Ђ,2026-01-27,,,,,,,,,Z^[,,
221309,É,ls,2024010128,202401,Ђ,2026-01-28,,,,,,,,,,,
221309,É,ls,2024010129,202401,Ђ,2026-01-29,,,,,,,,,,,
221309,É,ls,2024010130,202401,Ђ,2026-01-30,,,,,,,,,,,
221309,É,ls,2024010131,202401,Ђ,2026-01-31,y,,,,,,,,,,
221309,É,ls,2024021222,202402,Ȃ̂Ђ,2025-12-22,,,,,,,,,,,
221309,É,ls,2024021223,202402,Ȃ̂Ђ,2025-12-23,,,,,,,,,,̘b,
221309,É,ls,2024021224,202402,Ȃ̂Ђ,2025-12-24,,,,,,,,,,,
221309,É,ls,2024021225,202402,Ȃ̂Ђ,2025-12-25,,,,,,,,,,,
221309,É,ls,2024021226,202402,Ȃ̂Ђ,2025-12-26,,,,,,,,,,,
221309,É,ls,2024021227,202402,Ȃ̂Ђ,2025-12-27,y,,,,,,,,,,
221309,É,ls,2024021228,202402,Ȃ̂Ђ,2025-12-28,,,,,,,,,,,
221309,É,ls,2024021229,202402,Ȃ̂Ђ,2025-12-29,,,,,,,,,,,
221309,É,ls,2024021230,202402,Ȃ̂Ђ,2025-12-30,,,,,,,,,,,
221309,É,ls,2024021231,202402,Ȃ̂Ђ,2025-12-31,,,,,,,,,,,
221309,É,ls,2024020101,202402,Ȃ̂Ђ,2026-01-01,,,,,,,,,,,
221309,É,ls,2024020102,202402,Ȃ̂Ђ,2026-01-02,,,,,,,,,,,
221309,É,ls,2024020103,202402,Ȃ̂Ђ,2026-01-03,y,,,,,,,,,,
221309,É,ls,2024020104,202402,Ȃ̂Ђ,2026-01-04,,,,,,,,,,,
221309,É,ls,2024020105,202402,Ȃ̂Ђ,2026-01-05,,,,,,,,,,,
221309,É,ls,2024020106,202402,Ȃ̂Ђ,2026-01-06,,,,,,,,,,,
221309,É,ls,2024020107,202402,Ȃ̂Ђ,2026-01-07,,,,,,,,,,,
221309,É,ls,2024020108,202402,Ȃ̂Ђ,2026-01-08,,,,,,,,,,,
221309,É,ls,2024020109,202402,Ȃ̂Ђ,2026-01-09,,,,,,,,,,,
221309,É,ls,2024020110,202402,Ȃ̂Ђ,2026-01-10,y,,,,,,,,,,
221309,É,ls,2024020111,202402,Ȃ̂Ђ,2026-01-11,,,,,,,,,,,
221309,É,ls,2024020112,202402,Ȃ̂Ђ,2026-01-12,,,,,,,,,,,
221309,É,ls,2024020113,202402,Ȃ̂Ђ,2026-01-13,,,,,,,,,,Y̘b,
221309,É,ls,2024020114,202402,Ȃ̂Ђ,2026-01-14,,,,,,,,,YZ^[,,
221309,É,ls,2024020115,202402,Ȃ̂Ђ,2026-01-15,,,,,,,,,,,
221309,É,ls,2024020116,202402,Ȃ̂Ђ,2026-01-16,,,,,,,,,,,
221309,É,ls,2024020117,202402,Ȃ̂Ђ,2026-01-17,y,,,,,,,,,,
221309,É,ls,2024020118,202402,Ȃ̂Ђ,2026-01-18,,,,,,,,,,,
221309,É,ls,2024020119,202402,Ȃ̂Ђ,2026-01-19,,,,,,,,,,,
221309,É,ls,2024020120,202402,Ȃ̂Ђ,2026-01-20,,,,,,,,,,,
221309,É,ls,2024020121,202402,Ȃ̂Ђ,2026-01-21,,,,,,,,,YZ^[,,
221309,É,ls,2024020122,202402,Ȃ̂Ђ,2026-01-22,,,,,,,,,,,
221309,É,ls,2024020123,202402,Ȃ̂Ђ,2026-01-23,,,,,,,,,,,
221309,É,ls,2024020124,202402,Ȃ̂Ђ,2026-01-24,y,,,,,,,,,,
221309,É,ls,2024020125,202402,Ȃ̂Ђ,2026-01-25,,,,,,,,,,,
221309,É,ls,2024020126,202402,Ȃ̂Ђ,2026-01-26,,,,,,,,,,,
221309,É,ls,2024020127,202402,Ȃ̂Ђ,2026-01-27,,,,,,,,,,Y̘b,
221309,É,ls,2024020128,202402,Ȃ̂Ђ,2026-01-28,,,,,,,,,YZ^[,,
221309,É,ls,2024020129,202402,Ȃ̂Ђ,2026-01-29,,,,,,,,,,,
221309,É,ls,2024020130,202402,Ȃ̂Ђ,2026-01-30,,,,,,,,,,,
221309,É,ls,2024020131,202402,Ȃ̂Ђ,2026-01-31,y,,,,,,,,,,
221309,É,ls,2021141222,202114,܂ڂ̉,2025-12-22,,,,,,,,,,,
221309,É,ls,2021141223,202114,܂ڂ̉,2025-12-23,,,,,,,,,,,
221309,É,ls,2021141224,202114,܂ڂ̉,2025-12-24,,,,,,,,,,Ԃpi̘b,
221309,É,ls,2021141225,202114,܂ڂ̉,2025-12-25,,,,,,,,,,,
221309,É,ls,2021141226,202114,܂ڂ̉,2025-12-26,,,,,,,,,x,,
221309,É,ls,2021141227,202114,܂ڂ̉,2025-12-27,y,,,,,,,,,,
221309,É,ls,2021141228,202114,܂ڂ̉,2025-12-28,,,,,,,,,,,
221309,É,ls,2021141229,202114,܂ڂ̉,2025-12-29,,,,,,,,,,,
221309,É,ls,2021141230,202114,܂ڂ̉,2025-12-30,,,,,,,,,,,
221309,É,ls,2021141231,202114,܂ڂ̉,2025-12-31,,,,,,,,,,,
221309,É,ls,2021140101,202114,܂ڂ̉,2026-01-01,,,,,,,,,,,
221309,É,ls,2021140102,202114,܂ڂ̉,2026-01-02,,,,,,,,,,,
221309,É,ls,2021140103,202114,܂ڂ̉,2026-01-03,y,,,,,,,,,,
221309,É,ls,2021140104,202114,܂ڂ̉,2026-01-04,,,,,,,,,,,
221309,É,ls,2021140105,202114,܂ڂ̉,2026-01-05,,,,,,,,,,,
221309,É,ls,2021140106,202114,܂ڂ̉,2026-01-06,,,,,,,,,,,
221309,É,ls,2021140107,202114,܂ڂ̉,2026-01-07,,,,,,,,,,,
221309,É,ls,2021140108,202114,܂ڂ̉,2026-01-08,,,,,,,,,,,
221309,É,ls,2021140109,202114,܂ڂ̉,2026-01-09,,,,,,,,,x,,
221309,É,ls,2021140110,202114,܂ڂ̉,2026-01-10,y,,,,,,,,,,
221309,É,ls,2021140111,202114,܂ڂ̉,2026-01-11,,,,,,,,,,,
221309,É,ls,2021140112,202114,܂ڂ̉,2026-01-12,,,,,,,,,,,
221309,É,ls,2021140113,202114,܂ڂ̉,2026-01-13,,,,,,,,,,,
221309,É,ls,2021140114,202114,܂ڂ̉,2026-01-14,,,,,,,,,,Y̘b,
221309,É,ls,2021140115,202114,܂ڂ̉,2026-01-15,,,,,,,,,,,
221309,É,ls,2021140116,202114,܂ڂ̉,2026-01-16,,,,,,,,,x,,
221309,É,ls,2021140117,202114,܂ڂ̉,2026-01-17,y,,,,,,,,,,
221309,É,ls,2021140118,202114,܂ڂ̉,2026-01-18,,,,,,,,,,,
221309,É,ls,2021140119,202114,܂ڂ̉,2026-01-19,,,,,,,,,,,
221309,É,ls,2021140120,202114,܂ڂ̉,2026-01-20,,,,,,,,,,,
221309,É,ls,2021140121,202114,܂ڂ̉,2026-01-21,,,,,,,,,,,
221309,É,ls,2021140122,202114,܂ڂ̉,2026-01-22,,,,,,,,,,,
221309,É,ls,2021140123,202114,܂ڂ̉,2026-01-23,,,,,,,,,x,,
221309,É,ls,2021140124,202114,܂ڂ̉,2026-01-24,y,,,,,,,,,,
221309,É,ls,2021140125,202114,܂ڂ̉,2026-01-25,,,,,,,,,,,
221309,É,ls,2021140126,202114,܂ڂ̉,2026-01-26,,,,,,,,,,,
221309,É,ls,2021140127,202114,܂ڂ̉,2026-01-27,,,,,,,,,,,
221309,É,ls,2021140128,202114,܂ڂ̉,2026-01-28,,,,,,,,,,Y̘b,
221309,É,ls,2021140129,202114,܂ڂ̉,2026-01-29,,,,,,,,,,,
221309,É,ls,2021140130,202114,܂ڂ̉,2026-01-30,,,,,,,,,x,,
221309,É,ls,2021140131,202114,܂ڂ̉,2026-01-31,y,,,,,,,,,,
221309,É,ls,2021121222,202112,}CЂ,2025-12-22,,,,,,,,,anZ^[,,
221309,É,ls,2021121223,202112,}CЂ,2025-12-23,,,,,,,,,,,
221309,É,ls,2021121224,202112,}CЂ,2025-12-24,,,,,,,,,,,
221309,É,ls,2021121225,202112,}CЂ,2025-12-25,,,,,,,,,,,
221309,É,ls,2021121226,202112,}CЂ,2025-12-26,,,,,,,,,,,
221309,É,ls,2021121227,202112,}CЂ,2025-12-27,y,,,,,,,,,,
221309,É,ls,2021121228,202112,}CЂ,2025-12-28,,,,,,,,,,,
221309,É,ls,2021121229,202112,}CЂ,2025-12-29,,,,,,,,,,,
221309,É,ls,2021121230,202112,}CЂ,2025-12-30,,,,,,,,,,,
221309,É,ls,2021121231,202112,}CЂ,2025-12-31,,,,,,,,,,,
221309,É,ls,2021120101,202112,}CЂ,2026-01-01,,,,,,,,,,,
221309,É,ls,2021120102,202112,}CЂ,2026-01-02,,,,,,,,,,,
221309,É,ls,2021120103,202112,}CЂ,2026-01-03,y,,,,,,,,,,
221309,É,ls,2021120104,202112,}CЂ,2026-01-04,,,,,,,,,,,
221309,É,ls,2021120105,202112,}CЂ,2026-01-05,,,,,,,,,anZ^[,,
221309,É,ls,2021120106,202112,}CЂ,2026-01-06,,,,,,,,,,,
221309,É,ls,2021120107,202112,}CЂ,2026-01-07,,,,,,,,,,,
221309,É,ls,2021120108,202112,}CЂ,2026-01-08,,,,,,,,,,,
221309,É,ls,2021120109,202112,}CЂ,2026-01-09,,,,,,,,,,,
221309,É,ls,2021120110,202112,}CЂ,2026-01-10,y,,,,,,,,,Ԃpi̘b,
221309,É,ls,2021120111,202112,}CЂ,2026-01-11,,,,,,,,,,,
221309,É,ls,2021120112,202112,}CЂ,2026-01-12,,,,,,,,,,,
221309,É,ls,2021120113,202112,}CЂ,2026-01-13,,,,,,,,,,,
221309,É,ls,2021120114,202112,}CЂ,2026-01-14,,,,,,,,,,,
221309,É,ls,2021120115,202112,}CЂ,2026-01-15,,,,,,,,,,Ԃpi̘b,
221309,É,ls,2021120116,202112,}CЂ,2026-01-16,,,,,,,,,,,
221309,É,ls,2021120117,202112,}CЂ,2026-01-17,y,,,,,,,,,,x̃e[}͂ǂ̔BƁAƂȂ̐S̈ɉeA֌Wނł
221309,É,ls,2021120118,202112,}CЂ,2026-01-18,,,,,,,,,,,
221309,É,ls,2021120119,202112,}CЂ,2026-01-19,,,,,,,,,anZ^[,,
221309,É,ls,2021120120,202112,}CЂ,2026-01-20,,,,,,,,,,,
221309,É,ls,2021120121,202112,}CЂ,2026-01-21,,,,,,,,,,,
221309,É,ls,2021120122,202112,}CЂ,2026-01-22,,,,,,,,,,,
221309,É,ls,2021120123,202112,}CЂ,2026-01-23,,,,,,,,,,,
221309,É,ls,2021120124,202112,}CЂ,2026-01-24,y,,,,,,,,,,
221309,É,ls,2021120125,202112,}CЂ,2026-01-25,,,,,,,,,,,
221309,É,ls,2021120126,202112,}CЂ,2026-01-26,,,,,,,,,anZ^[,,
221309,É,ls,2021120127,202112,}CЂ,2026-01-27,,,,,,,,,,,
221309,É,ls,2021120128,202112,}CЂ,2026-01-28,,,,,,,,,,,
221309,É,ls,2021120129,202112,}CЂ,2026-01-29,,,,,,,,,,,
221309,É,ls,2021120130,202112,}CЂ,2026-01-30,,,,,,,,,,,
221309,É,ls,2021120131,202112,}CЂ,2026-01-31,y,,,,,,,,,,
221309,É,ls,2021151222,202115,낱냋[,2025-12-22,,,,,,,,,,,
221309,É,ls,2021151223,202115,낱냋[,2025-12-23,,,,,,,,,,,
221309,É,ls,2021151224,202115,낱냋[,2025-12-24,,,,,,,,,,,
221309,É,ls,2021151225,202115,낱냋[,2025-12-25,,,,,,,,,,,
221309,É,ls,2021151226,202115,낱냋[,2025-12-26,,,,,,,,,,,
221309,É,ls,2021151227,202115,낱냋[,2025-12-27,y,,,,,,,,,,
221309,É,ls,2021151228,202115,낱냋[,2025-12-28,,,,,,,,,,,
221309,É,ls,2021151229,202115,낱냋[,2025-12-29,,,,,,,,,,,
221309,É,ls,2021151230,202115,낱냋[,2025-12-30,,,,,,,,,,,
221309,É,ls,2021151231,202115,낱냋[,2025-12-31,,,,,,,,,,,
221309,É,ls,2021150101,202115,낱냋[,2026-01-01,,,,,,,,,,,
221309,É,ls,2021150102,202115,낱냋[,2026-01-02,,,,,,,,,,,
221309,É,ls,2021150103,202115,낱냋[,2026-01-03,y,,,,,,,,,,
221309,É,ls,2021150104,202115,낱냋[,2026-01-04,,,,,,,,,,,
221309,É,ls,2021150105,202115,낱냋[,2026-01-05,,,,,,,,,,,
221309,É,ls,2021150106,202115,낱냋[,2026-01-06,,,,,,,,,,Y̘b,YtɂDwƂ̂Ƒ̂߂̍uł@킩ȂƕsȂƂkł܂
221309,É,ls,2021150107,202115,낱냋[,2026-01-07,,,,,,,,,,,
221309,É,ls,2021150108,202115,낱냋[,2026-01-08,,,,,,,,,_,,
221309,É,ls,2021150109,202115,낱냋[,2026-01-09,,,,,,,,,,,
221309,É,ls,2021150110,202115,낱냋[,2026-01-10,y,,,,,,,,,Y̘b,YtɂDwƂ̂Ƒ̂߂̍uł@킩ȂƕsȂƂkł܂
221309,É,ls,2021150111,202115,낱냋[,2026-01-11,,,,,,,,,,,
221309,É,ls,2021150112,202115,낱냋[,2026-01-12,,,,,,,,,,,
221309,É,ls,2021150113,202115,낱냋[,2026-01-13,,,,,,,,,,,
221309,É,ls,2021150114,202115,낱냋[,2026-01-14,,,,,,,,,,,
221309,É,ls,2021150115,202115,낱냋[,2026-01-15,,,,,,,,,_,,
221309,É,ls,2021150116,202115,낱냋[,2026-01-16,,,,,,,,,,,
221309,É,ls,2021150117,202115,낱냋[,2026-01-17,y,,,,,,,,,,
221309,É,ls,2021150118,202115,낱냋[,2026-01-18,,,,,,,,,,,ӂ݂̉Ƒ̓@ct⏬w̌Zꏏɂǂ
221309,É,ls,2021150119,202115,낱냋[,2026-01-19,,,,,,,,,,,
221309,É,ls,2021150120,202115,낱냋[,2026-01-20,,,,,,,,,,,
221309,É,ls,2021150121,202115,낱냋[,2026-01-21,,,,,,,,,,,
221309,É,ls,2021150122,202115,낱냋[,2026-01-22,,,,,,,,,_,,
221309,É,ls,2021150123,202115,낱냋[,2026-01-23,,,,,,,,,,,
221309,É,ls,2021150124,202115,낱냋[,2026-01-24,y,,,,,,,,,,
221309,É,ls,2021150125,202115,낱냋[,2026-01-25,,,,,,,,,,,
221309,É,ls,2021150126,202115,낱냋[,2026-01-26,,,,,,,,,,,
221309,É,ls,2021150127,202115,낱냋[,2026-01-27,,,,,,,,,,,
221309,É,ls,2021150128,202115,낱냋[,2026-01-28,,,,,,,,,,,
221309,É,ls,2021150129,202115,낱냋[,2026-01-29,,,,,,,,,,,
221309,É,ls,2021150130,202115,낱냋[,2026-01-30,,,,,,,,,,,
221309,É,ls,2021150131,202115,낱냋[,2026-01-31,y,,,,,,,,,,
221309,É,ls,2021161222,202116,TTЂ,2025-12-22,,,,,,,,,,,
221309,É,ls,2021161223,202116,TTЂ,2025-12-23,,,,,,,,,,,
221309,É,ls,2021161224,202116,TTЂ,2025-12-24,,,,,,,,,`,,
221309,É,ls,2021161225,202116,TTЂ,2025-12-25,,,,,,,,,,,
221309,É,ls,2021161226,202116,TTЂ,2025-12-26,,,,,,,,,,,
221309,É,ls,2021161227,202116,TTЂ,2025-12-27,y,,,,,,,,,,
221309,É,ls,2021161228,202116,TTЂ,2025-12-28,,,,,,,,,,,
221309,É,ls,2021161229,202116,TTЂ,2025-12-29,,,,,,,,,,,
221309,É,ls,2021161230,202116,TTЂ,2025-12-30,,,,,,,,,,,
221309,É,ls,2021161231,202116,TTЂ,2025-12-31,,,,,,,,,,,
221309,É,ls,2021160101,202116,TTЂ,2026-01-01,,,,,,,,,,,
221309,É,ls,2021160102,202116,TTЂ,2026-01-02,,,,,,,,,,,
221309,É,ls,2021160103,202116,TTЂ,2026-01-03,y,,,,,,,,,,
221309,É,ls,2021160104,202116,TTЂ,2026-01-04,,,,,,,,,,,
221309,É,ls,2021160105,202116,TTЂ,2026-01-05,,,,,,,,,,,
221309,É,ls,2021160106,202116,TTЂ,2026-01-06,,,,,,,,,,,
221309,É,ls,2021160107,202116,TTЂ,2026-01-07,,,,,,,,,,,
221309,É,ls,2021160108,202116,TTЂ,2026-01-08,,,,,,,,,,,
221309,É,ls,2021160109,202116,TTЂ,2026-01-09,,,,,,,,,,Y̘b,
221309,É,ls,2021160110,202116,TTЂ,2026-01-10,y,,,,,,,,,,
221309,É,ls,2021160111,202116,TTЂ,2026-01-11,,,,,,,,,,,
221309,É,ls,2021160112,202116,TTЂ,2026-01-12,,,,,,,,,,,
221309,É,ls,2021160113,202116,TTЂ,2026-01-13,,,,,,,,,,,
221309,É,ls,2021160114,202116,TTЂ,2026-01-14,,,,,,,,,`,,
221309,É,ls,2021160115,202116,TTЂ,2026-01-15,,,,,,,,,,,
221309,É,ls,2021160116,202116,TTЂ,2026-01-16,,,,,,,,,,,
221309,É,ls,2021160117,202116,TTЂ,2026-01-17,y,,,,,,,,,,
221309,É,ls,2021160118,202116,TTЂ,2026-01-18,,,,,,,,,,,
221309,É,ls,2021160119,202116,TTЂ,2026-01-19,,,,,,,,,,,
221309,É,ls,2021160120,202116,TTЂ,2026-01-20,,,,,,,,,,,
221309,É,ls,2021160121,202116,TTЂ,2026-01-21,,,,,,,,,`,,
221309,É,ls,2021160122,202116,TTЂ,2026-01-22,,,,,,,,,,,
221309,É,ls,2021160123,202116,TTЂ,2026-01-23,,,,,,,,,,̘b,
221309,É,ls,2021160124,202116,TTЂ,2026-01-24,y,,,,,,,,,,
221309,É,ls,2021160125,202116,TTЂ,2026-01-25,,,,,,,,,,,
221309,É,ls,2021160126,202116,TTЂ,2026-01-26,,,,,,,,,,,
221309,É,ls,2021160127,202116,TTЂ,2026-01-27,,,,,,,,,,,
221309,É,ls,2021160128,202116,TTЂ,2026-01-28,,,,,,,,,`,,
221309,É,ls,2021160129,202116,TTЂ,2026-01-29,,,,,,,,,,,
221309,É,ls,2021160130,202116,TTЂ,2026-01-30,,,,,,,,,,,
221309,É,ls,2021160131,202116,TTЂ,2026-01-31,y,,,,,,,,,,
221309,É,ls,2021181222,202118,݂̂,2025-12-22,,,,,,,,,,,
221309,É,ls,2021181223,202118,݂̂,2025-12-23,,,,,,,,,,,
221309,É,ls,2021181224,202118,݂̂,2025-12-24,,,,,,,,,ӂꂠ𗬃Z^[,,
221309,É,ls,2021181225,202118,݂̂,2025-12-25,,,,,,,,,,,
221309,É,ls,2021181226,202118,݂̂,2025-12-26,,,,,,,,,,,
221309,É,ls,2021181227,202118,݂̂,2025-12-27,y,,,,,,,,,,
221309,É,ls,2021181228,202118,݂̂,2025-12-28,,,,,,,,,,,
221309,É,ls,2021181229,202118,݂̂,2025-12-29,,,,,,,,,,,
221309,É,ls,2021181230,202118,݂̂,2025-12-30,,,,,,,,,,,
221309,É,ls,2021181231,202118,݂̂,2025-12-31,,,,,,,,,,,
221309,É,ls,2021180101,202118,݂̂,2026-01-01,,,,,,,,,,,
221309,É,ls,2021180102,202118,݂̂,2026-01-02,,,,,,,,,,,
221309,É,ls,2021180103,202118,݂̂,2026-01-03,y,,,,,,,,,,
221309,É,ls,2021180104,202118,݂̂,2026-01-04,,,,,,,,,,,
221309,É,ls,2021180105,202118,݂̂,2026-01-05,,,,,,,,,,,
221309,É,ls,2021180106,202118,݂̂,2026-01-06,,,,,,,,,,,
221309,É,ls,2021180107,202118,݂̂,2026-01-07,,,,,,,,,,,
221309,É,ls,2021180108,202118,݂̂,2026-01-08,,,,,,,,,,,
221309,É,ls,2021180109,202118,݂̂,2026-01-09,,,,,,,,,,Ԃpi̘b,
221309,É,ls,2021180110,202118,݂̂,2026-01-10,y,,,,,,,,,,
221309,É,ls,2021180111,202118,݂̂,2026-01-11,,,,,,,,,,,
221309,É,ls,2021180112,202118,݂̂,2026-01-12,,,,,,,,,,,
221309,É,ls,2021180113,202118,݂̂,2026-01-13,,,,,,,,,,,
221309,É,ls,2021180114,202118,݂̂,2026-01-14,,,,,,,,,ӂꂠ𗬃Z^[,,
221309,É,ls,2021180115,202118,݂̂,2026-01-15,,,,,,,,,,,
221309,É,ls,2021180116,202118,݂̂,2026-01-16,,,,,,,,,,,
221309,É,ls,2021180117,202118,݂̂,2026-01-17,y,,,,,,,,,,
221309,É,ls,2021180118,202118,݂̂,2026-01-18,,,,,,,,,,Y̘b,
221309,É,ls,2021180119,202118,݂̂,2026-01-19,,,,,,,,,,,
221309,É,ls,2021180120,202118,݂̂,2026-01-20,,,,,,,,,,,
221309,É,ls,2021180121,202118,݂̂,2026-01-21,,,,,,,,,ӂꂠ𗬃Z^[,,
221309,É,ls,2021180122,202118,݂̂,2026-01-22,,,,,,,,,,,
221309,É,ls,2021180123,202118,݂̂,2026-01-23,,,,,,,,,,,
221309,É,ls,2021180124,202118,݂̂,2026-01-24,y,,,,,,,,,,
221309,É,ls,2021180125,202118,݂̂,2026-01-25,,,,,,,,,,,
221309,É,ls,2021180126,202118,݂̂,2026-01-26,,,,,,,,,,,
221309,É,ls,2021180127,202118,݂̂,2026-01-27,,,,,,,,,,,
221309,É,ls,2021180128,202118,݂̂,2026-01-28,,,,,,,,,ӂꂠ𗬃Z^[,,
221309,É,ls,2021180129,202118,݂̂,2026-01-29,,,,,,,,,,,
221309,É,ls,2021180130,202118,݂̂,2026-01-30,,,,,,,,,,,
221309,É,ls,2021180131,202118,݂̂,2026-01-31,y,,,,,,,,,,
221309,É,ls,2021191222,202119,ȂCIRCUSiT[JXj,2025-12-22,,,,,,,,,,,
221309,É,ls,2021191223,202119,ȂCIRCUSiT[JXj,2025-12-23,,,,,,,,,,,
221309,É,ls,2021191224,202119,ȂCIRCUSiT[JXj,2025-12-24,,,,,,,,,,,
221309,É,ls,2021191225,202119,ȂCIRCUSiT[JXj,2025-12-25,,,,,,,,,,,
221309,É,ls,2021191226,202119,ȂCIRCUSiT[JXj,2025-12-26,,,,,,,,,,,
221309,É,ls,2021191227,202119,ȂCIRCUSiT[JXj,2025-12-27,y,,,,,,,,,,
221309,É,ls,2021191228,202119,ȂCIRCUSiT[JXj,2025-12-28,,,,,,,,,,,
221309,É,ls,2021191229,202119,ȂCIRCUSiT[JXj,2025-12-29,,,,,,,,,,,
221309,É,ls,2021191230,202119,ȂCIRCUSiT[JXj,2025-12-30,,,,,,,,,,,
221309,É,ls,2021191231,202119,ȂCIRCUSiT[JXj,2025-12-31,,,,,,,,,,,
221309,É,ls,2021190101,202119,ȂCIRCUSiT[JXj,2026-01-01,,,,,,,,,,,
221309,É,ls,2021190102,202119,ȂCIRCUSiT[JXj,2026-01-02,,,,,,,,,,,
221309,É,ls,2021190103,202119,ȂCIRCUSiT[JXj,2026-01-03,y,,,,,,,,,,
221309,É,ls,2021190104,202119,ȂCIRCUSiT[JXj,2026-01-04,,,,,,,,,,,
221309,É,ls,2021190105,202119,ȂCIRCUSiT[JXj,2026-01-05,,,,,,,,,,,
221309,É,ls,2021190106,202119,ȂCIRCUSiT[JXj,2026-01-06,,,,,,,,,,,
221309,É,ls,2021190107,202119,ȂCIRCUSiT[JXj,2026-01-07,,,,,,,,,,,
221309,É,ls,2021190108,202119,ȂCIRCUSiT[JXj,2026-01-08,,,,,,,,,,,
221309,É,ls,2021190109,202119,ȂCIRCUSiT[JXj,2026-01-09,,,,,,,,,,Y̘b,
221309,É,ls,2021190110,202119,ȂCIRCUSiT[JXj,2026-01-10,y,,,,,,,,,,
221309,É,ls,2021190111,202119,ȂCIRCUSiT[JXj,2026-01-11,,,,,,,,,,,
221309,É,ls,2021190112,202119,ȂCIRCUSiT[JXj,2026-01-12,,,,,,,,,,,
221309,É,ls,2021190113,202119,ȂCIRCUSiT[JXj,2026-01-13,,,,,,,,,,,
221309,É,ls,2021190114,202119,ȂCIRCUSiT[JXj,2026-01-14,,,,,,,,,,,
221309,É,ls,2021190115,202119,ȂCIRCUSiT[JXj,2026-01-15,,,,,,,,,,,
221309,É,ls,2021190116,202119,ȂCIRCUSiT[JXj,2026-01-16,,,,,,,,,,,
221309,É,ls,2021190117,202119,ȂCIRCUSiT[JXj,2026-01-17,y,,,,,,,,,̘b,
221309,É,ls,2021190118,202119,ȂCIRCUSiT[JXj,2026-01-18,,,,,,,,,,,
221309,É,ls,2021190119,202119,ȂCIRCUSiT[JXj,2026-01-19,,,,,,,,,,,
221309,É,ls,2021190120,202119,ȂCIRCUSiT[JXj,2026-01-20,,,,,,,,,,,
221309,É,ls,2021190121,202119,ȂCIRCUSiT[JXj,2026-01-21,,,,,,,,,,,
221309,É,ls,2021190122,202119,ȂCIRCUSiT[JXj,2026-01-22,,,,,,,,,,,
221309,É,ls,2021190123,202119,ȂCIRCUSiT[JXj,2026-01-23,,,,,,,,,,,
221309,É,ls,2021190124,202119,ȂCIRCUSiT[JXj,2026-01-24,y,,,,,,,,,,
221309,É,ls,2021190125,202119,ȂCIRCUSiT[JXj,2026-01-25,,,,,,,,,,,
221309,É,ls,2021190126,202119,ȂCIRCUSiT[JXj,2026-01-26,,,,,,,,,,,
221309,É,ls,2021190127,202119,ȂCIRCUSiT[JXj,2026-01-27,,,,,,,,,,,
221309,É,ls,2021190128,202119,ȂCIRCUSiT[JXj,2026-01-28,,,,,,,,,,,
221309,É,ls,2021190129,202119,ȂCIRCUSiT[JXj,2026-01-29,,,,,,,,,,,
221309,É,ls,2021190130,202119,ȂCIRCUSiT[JXj,2026-01-30,,,,,,,,,,,
221309,É,ls,2021190131,202119,ȂCIRCUSiT[JXj,2026-01-31,y,,,,,,,,,,
221309,É,ls,2021201222,202120,Ђ,2025-12-22,,,,,,,,,,,
221309,É,ls,2021201223,202120,Ђ,2025-12-23,,,,,,,,,,,
221309,É,ls,2021201224,202120,Ђ,2025-12-24,,,,,,,,,,,
221309,É,ls,2021201225,202120,Ђ,2025-12-25,,,,,,,,,,,
221309,É,ls,2021201226,202120,Ђ,2025-12-26,,,,,,,,,,,
221309,É,ls,2021201227,202120,Ђ,2025-12-27,y,,,,,,,,,,
221309,É,ls,2021201228,202120,Ђ,2025-12-28,,,,,,,,,,,
221309,É,ls,2021201229,202120,Ђ,2025-12-29,,,,,,,,,,,
221309,É,ls,2021201230,202120,Ђ,2025-12-30,,,,,,,,,,,
221309,É,ls,2021201231,202120,Ђ,2025-12-31,,,,,,,,,,,
221309,É,ls,2021200101,202120,Ђ,2026-01-01,,,,,,,,,,,
221309,É,ls,2021200102,202120,Ђ,2026-01-02,,,,,,,,,,,
221309,É,ls,2021200103,202120,Ђ,2026-01-03,y,,,,,,,,,,
221309,É,ls,2021200104,202120,Ђ,2026-01-04,,,,,,,,,,,
221309,É,ls,2021200105,202120,Ђ,2026-01-05,,,,,,,,,,,
221309,É,ls,2021200106,202120,Ђ,2026-01-06,,,,,,,,,,,
221309,É,ls,2021200107,202120,Ђ,2026-01-07,,,,,,,,,,,
221309,É,ls,2021200108,202120,Ђ,2026-01-08,,,,,,,,,,,
221309,É,ls,2021200109,202120,Ђ,2026-01-09,,,,,,,,,ǕW,,
221309,É,ls,2021200110,202120,Ђ,2026-01-10,y,,,,,,,,,Y̘b,
221309,É,ls,2021200111,202120,Ђ,2026-01-11,,,,,,,,,,,
221309,É,ls,2021200112,202120,Ђ,2026-01-12,,,,,,,,,,,
221309,É,ls,2021200113,202120,Ђ,2026-01-13,,,,,,,,,,,
221309,É,ls,2021200114,202120,Ђ,2026-01-14,,,,,,,,,,,
221309,É,ls,2021200115,202120,Ђ,2026-01-15,,,,,,,,,,,
221309,É,ls,2021200116,202120,Ђ,2026-01-16,,,,,,,,,ǕW,,
221309,É,ls,2021200117,202120,Ђ,2026-01-17,y,,,,,,,,,,
221309,É,ls,2021200118,202120,Ђ,2026-01-18,,,,,,,,,,,
221309,É,ls,2021200119,202120,Ђ,2026-01-19,,,,,,,,,,,
221309,É,ls,2021200120,202120,Ђ,2026-01-20,,,,,,,,,,,
221309,É,ls,2021200121,202120,Ђ,2026-01-21,,,,,,,,,,Ԃpi̘b,
221309,É,ls,2021200122,202120,Ђ,2026-01-22,,,,,,,,,,,
221309,É,ls,2021200123,202120,Ђ,2026-01-23,,,,,,,,,ǕW,,
221309,É,ls,2021200124,202120,Ђ,2026-01-24,y,,,,,,,,,,
221309,É,ls,2021200125,202120,Ђ,2026-01-25,,,,,,,,,,,
221309,É,ls,2021200126,202120,Ђ,2026-01-26,,,,,,,,,,,
221309,É,ls,2021200127,202120,Ђ,2026-01-27,,,,,,,,,,,
221309,É,ls,2021200128,202120,Ђ,2026-01-28,,,,,,,,,,,
221309,É,ls,2021200129,202120,Ђ,2026-01-29,,,,,,,,,,,
221309,É,ls,2021200130,202120,Ђ,2026-01-30,,,,,,,,,ǕW,,
221309,É,ls,2021200131,202120,Ђ,2026-01-31,y,,,,,,,,,,
221309,É,ls,2021211222,202121,qĎxL,2025-12-22,,,,,,,,,,,
221309,É,ls,2021211223,202121,qĎxL,2025-12-23,,,,,,,,,݂Z^[,,ăZ~i[
221309,É,ls,2021211224,202121,qĎxL,2025-12-24,,,,,,,,,,,
221309,É,ls,2021211225,202121,qĎxL,2025-12-25,,,,,,,,,,,
221309,É,ls,2021211226,202121,qĎxL,2025-12-26,,,,,,,,,,,
221309,É,ls,2021211227,202121,qĎxL,2025-12-27,y,,,,,,,,,,
221309,É,ls,2021211228,202121,qĎxL,2025-12-28,,,,,,,,,,,
221309,É,ls,2021211229,202121,qĎxL,2025-12-29,,,,,,,,,,,
221309,É,ls,2021211230,202121,qĎxL,2025-12-30,,,,,,,,,,,
221309,É,ls,2021211231,202121,qĎxL,2025-12-31,,,,,,,,,,,
221309,É,ls,2021210101,202121,qĎxL,2026-01-01,,,,,,,,,,,
221309,É,ls,2021210102,202121,qĎxL,2026-01-02,,,,,,,,,,,
221309,É,ls,2021210103,202121,qĎxL,2026-01-03,y,,,,,,,,,,
221309,É,ls,2021210104,202121,qĎxL,2026-01-04,,,,,,,,,,,
221309,É,ls,2021210105,202121,qĎxL,2026-01-05,,,,,,,,,,,
221309,É,ls,2021210106,202121,qĎxL,2026-01-06,,,,,,,,,,,
221309,É,ls,2021210107,202121,qĎxL,2026-01-07,,,,,,,,,,,
221309,É,ls,2021210108,202121,qĎxL,2026-01-08,,,,,,,,,,,
221309,É,ls,2021210109,202121,qĎxL,2026-01-09,,,,,,,,,,Y̘b,
221309,É,ls,2021210110,202121,qĎxL,2026-01-10,y,,,,,,,,,,
221309,É,ls,2021210111,202121,qĎxL,2026-01-11,,,,,,,,,,,
221309,É,ls,2021210112,202121,qĎxL,2026-01-12,,,,,,,,,,,
221309,É,ls,2021210113,202121,qĎxL,2026-01-13,,,,,,,,,݂Z^[,,ɂ
221309,É,ls,2021210114,202121,qĎxL,2026-01-14,,,,,,,,,,,
221309,É,ls,2021210115,202121,qĎxL,2026-01-15,,,,,,,,,,,
221309,É,ls,2021210116,202121,qĎxL,2026-01-16,,,,,,,,,,Y̘b,
221309,É,ls,2021210117,202121,qĎxL,2026-01-17,y,,,,,,,,,,
221309,É,ls,2021210118,202121,qĎxL,2026-01-18,,,,,,,,,,,
221309,É,ls,2021210119,202121,qĎxL,2026-01-19,,,,,,,,,,,
221309,É,ls,2021210120,202121,qĎxL,2026-01-20,,,,,,,,,݂Z^[,,
221309,É,ls,2021210121,202121,qĎxL,2026-01-21,,,,,,,,,,,
221309,É,ls,2021210122,202121,qĎxL,2026-01-22,,,,,,,,,,,
221309,É,ls,2021210123,202121,qĎxL,2026-01-23,,,,,,,,,,,
221309,É,ls,2021210124,202121,qĎxL,2026-01-24,y,,,,,,,,,,
221309,É,ls,2021210125,202121,qĎxL,2026-01-25,,,,,,,,,,,
221309,É,ls,2021210126,202121,qĎxL,2026-01-26,,,,,,,,,,,
221309,É,ls,2021210127,202121,qĎxL,2026-01-27,,,,,,,,,݂Z^[,,ɂ
221309,É,ls,2021210128,202121,qĎxL,2026-01-28,,,,,,,,,,,
221309,É,ls,2021210129,202121,qĎxL,2026-01-29,,,,,,,,,,,
221309,É,ls,2021210130,202121,qĎxL,2026-01-30,,,,,,,,,,,
221309,É,ls,2021210131,202121,qĎxL,2026-01-31,y,,,,,,,,,,
221309,É,ls,2021221222,202122,悩,2025-12-22,,,,,,,,,,,
221309,É,ls,2021221223,202122,悩,2025-12-23,,,,,,,,,,Ԃpi̘b,
221309,É,ls,2021221224,202122,悩,2025-12-24,,,,,,,,,,,
221309,É,ls,2021221225,202122,悩,2025-12-25,,,,,,,,,,,
221309,É,ls,2021221226,202122,悩,2025-12-26,,,,,,,,,,,
221309,É,ls,2021221227,202122,悩,2025-12-27,y,,,,,,,,,,
221309,É,ls,2021221228,202122,悩,2025-12-28,,,,,,,,,,,
221309,É,ls,2021221229,202122,悩,2025-12-29,,,,,,,,,,,
221309,É,ls,2021221230,202122,悩,2025-12-30,,,,,,,,,,,
221309,É,ls,2021221231,202122,悩,2025-12-31,,,,,,,,,,,
221309,É,ls,2021220101,202122,悩,2026-01-01,,,,,,,,,,,
221309,É,ls,2021220102,202122,悩,2026-01-02,,,,,,,,,,,
221309,É,ls,2021220103,202122,悩,2026-01-03,y,,,,,,,,,,
221309,É,ls,2021220104,202122,悩,2026-01-04,,,,,,,,,,,
221309,É,ls,2021220105,202122,悩,2026-01-05,,,,,,,,,,,
221309,É,ls,2021220106,202122,悩,2026-01-06,,,,,,,,,,,
221309,É,ls,2021220107,202122,悩,2026-01-07,,,,,,,,,,,
221309,É,ls,2021220108,202122,悩,2026-01-08,,,,,,,,,kl암Z^[,,
221309,É,ls,2021220109,202122,悩,2026-01-09,,,,,,,,,,,
221309,É,ls,2021220110,202122,悩,2026-01-10,y,,,,,,,,,,
221309,É,ls,2021220111,202122,悩,2026-01-11,,,,,,,,,,,
221309,É,ls,2021220112,202122,悩,2026-01-12,,,,,,,,,,,
221309,É,ls,2021220113,202122,悩,2026-01-13,,,,,,,,,,Y̘b,
221309,É,ls,2021220114,202122,悩,2026-01-14,,,,,,,,,,,
221309,É,ls,2021220115,202122,悩,2026-01-15,,,,,,,,,kl암Z^[,,
221309,É,ls,2021220116,202122,悩,2026-01-16,,,,,,,,,,,
221309,É,ls,2021220117,202122,悩,2026-01-17,y,,,,,,,,,,
221309,É,ls,2021220118,202122,悩,2026-01-18,,,,,,,,,,,
221309,É,ls,2021220119,202122,悩,2026-01-19,,,,,,,,,,,
221309,É,ls,2021220120,202122,悩,2026-01-20,,,,,,,,,,,
221309,É,ls,2021220121,202122,悩,2026-01-21,,,,,,,,,,,
221309,É,ls,2021220122,202122,悩,2026-01-22,,,,,,,,,kl암Z^[,,
221309,É,ls,2021220123,202122,悩,2026-01-23,,,,,,,,,,,
221309,É,ls,2021220124,202122,悩,2026-01-24,y,,,,,,,,,,
221309,É,ls,2021220125,202122,悩,2026-01-25,,,,,,,,,,,
221309,É,ls,2021220126,202122,悩,2026-01-26,,,,,,,,,,,
221309,É,ls,2021220127,202122,悩,2026-01-27,,,,,,,,,,Y̘b,
221309,É,ls,2021220128,202122,悩,2026-01-28,,,,,,,,,,,
221309,É,ls,2021220129,202122,悩,2026-01-29,,,,,,,,,,,
221309,É,ls,2021220130,202122,悩,2026-01-30,,,,,,,,,,,
221309,É,ls,2021220131,202122,悩,2026-01-31,y,,,,,,,,,,
221309,É,ls,2021231222,202123,肩,2025-12-22,,,,,,,,,,Ԃpi̘b,DwxYtł
221309,É,ls,2021231223,202123,肩,2025-12-23,,,,,,,,,,,
221309,É,ls,2021231224,202123,肩,2025-12-24,,,,,,,,,,,
221309,É,ls,2021231225,202123,肩,2025-12-25,,,,,,,,,,,
221309,É,ls,2021231226,202123,肩,2025-12-26,,,,,,,,,,,
221309,É,ls,2021231227,202123,肩,2025-12-27,y,,,,,,,,,,
221309,É,ls,2021231228,202123,肩,2025-12-28,,,,,,,,,,,
221309,É,ls,2021231229,202123,肩,2025-12-29,,,,,,,,,,,
221309,É,ls,2021231230,202123,肩,2025-12-30,,,,,,,,,,,
221309,É,ls,2021231231,202123,肩,2025-12-31,,,,,,,,,,,
221309,É,ls,2021230101,202123,肩,2026-01-01,,,,,,,,,,,
221309,É,ls,2021230102,202123,肩,2026-01-02,,,,,,,,,,,
221309,É,ls,2021230103,202123,肩,2026-01-03,y,,,,,,,,,,
221309,É,ls,2021230104,202123,肩,2026-01-04,,,,,,,,,,,
221309,É,ls,2021230105,202123,肩,2026-01-05,,,,,,,,,,,
221309,É,ls,2021230106,202123,肩,2026-01-06,,,,,,,,,,,
221309,É,ls,2021230107,202123,肩,2026-01-07,,,,,,,,,,,
221309,É,ls,2021230108,202123,肩,2026-01-08,,,,,,,,,,,
221309,É,ls,2021230109,202123,肩,2026-01-09,,,,,,,,,ԍU,,
221309,É,ls,2021230110,202123,肩,2026-01-10,y,,,,,,,,,,\Ώێ҂̐Hu܂
221309,É,ls,2021230111,202123,肩,2026-01-11,,,,,,,,,,,
221309,É,ls,2021230112,202123,肩,2026-01-12,,,,,,,,,,,
221309,É,ls,2021230113,202123,肩,2026-01-13,,,,,,,,,,,\Ώێ҂̃xr[}bT[Wu܂
221309,É,ls,2021230114,202123,肩,2026-01-14,,,,,,,,,,,
221309,É,ls,2021230115,202123,肩,2026-01-15,,,,,,,,,,,
221309,É,ls,2021230116,202123,肩,2026-01-16,,,,,,,,,ԍU,,
221309,É,ls,2021230117,202123,肩,2026-01-17,y,,,,,,,,,,
221309,É,ls,2021230118,202123,肩,2026-01-18,,,,,,,,,,,
221309,É,ls,2021230119,202123,肩,2026-01-19,,,,,,,,,,Y̘b,DwxYtł
221309,É,ls,2021230120,202123,肩,2026-01-20,,,,,,,,,,,
221309,É,ls,2021230121,202123,肩,2026-01-21,,,,,,,,,,,Bx꒮omł
221309,É,ls,2021230122,202123,肩,2026-01-22,,,,,,,,,,,
221309,É,ls,2021230123,202123,肩,2026-01-23,,,,,,,,,ԍU,,
221309,É,ls,2021230124,202123,肩,2026-01-24,y,,,,,,,,,,x̃e[}͑Ďxł
221309,É,ls,2021230125,202123,肩,2026-01-25,,,,,,,,,,,
221309,É,ls,2021230126,202123,肩,2026-01-26,,,,,,,,,,Y̘b,DwxYtł
221309,É,ls,2021230127,202123,肩,2026-01-27,,,,,,,,,,,
221309,É,ls,2021230128,202123,肩,2026-01-28,,,,,,,,,,,
221309,É,ls,2021230129,202123,肩,2026-01-29,,,,,,,,,,,
221309,É,ls,2021230130,202123,肩,2026-01-30,,,,,,,,,ԍU,,
221309,É,ls,2021230131,202123,肩,2026-01-31,y,,,,,,,,,,
221309,É,ls,2021241222,202124,݂̐X,2025-12-22,,,,,,,,,R~jeB,,
221309,É,ls,2021241223,202124,݂̐X,2025-12-23,,,,,,,,,,,
221309,É,ls,2021241224,202124,݂̐X,2025-12-24,,,,,,,,,,,
221309,É,ls,2021241225,202124,݂̐X,2025-12-25,,,,,,,,,,Ԃpi̘b,
221309,É,ls,2021241226,202124,݂̐X,2025-12-26,,,,,,,,,,,
221309,É,ls,2021241227,202124,݂̐X,2025-12-27,y,,,,,,,,,,
221309,É,ls,2021241228,202124,݂̐X,2025-12-28,,,,,,,,,,,
221309,É,ls,2021241229,202124,݂̐X,2025-12-29,,,,,,,,,,,
221309,É,ls,2021241230,202124,݂̐X,2025-12-30,,,,,,,,,,,
221309,É,ls,2021241231,202124,݂̐X,2025-12-31,,,,,,,,,,,
221309,É,ls,2021240101,202124,݂̐X,2026-01-01,,,,,,,,,,,
221309,É,ls,2021240102,202124,݂̐X,2026-01-02,,,,,,,,,,,
221309,É,ls,2021240103,202124,݂̐X,2026-01-03,y,,,,,,,,,,
221309,É,ls,2021240104,202124,݂̐X,2026-01-04,,,,,,,,,,,
221309,É,ls,2021240105,202124,݂̐X,2026-01-05,,,,,,,,,,,
221309,É,ls,2021240106,202124,݂̐X,2026-01-06,,,,,,,,,,,
221309,É,ls,2021240107,202124,݂̐X,2026-01-07,,,,,,,,,,,
221309,É,ls,2021240108,202124,݂̐X,2026-01-08,,,,,,,,,,,
221309,É,ls,2021240109,202124,݂̐X,2026-01-09,,,,,,,,,,,
221309,É,ls,2021240110,202124,݂̐X,2026-01-10,y,,,,,,,,,,
221309,É,ls,2021240111,202124,݂̐X,2026-01-11,,,,,,,,,,Y̘b,
221309,É,ls,2021240112,202124,݂̐X,2026-01-12,,,,,,,,,,,
221309,É,ls,2021240113,202124,݂̐X,2026-01-13,,,,,,,,,,,
221309,É,ls,2021240114,202124,݂̐X,2026-01-14,,,,,,,,,,,
221309,É,ls,2021240115,202124,݂̐X,2026-01-15,,,,,,,,,,,
221309,É,ls,2021240116,202124,݂̐X,2026-01-16,,,,,,,,,,,
221309,É,ls,2021240117,202124,݂̐X,2026-01-17,y,,,,,,,,,,
221309,É,ls,2021240118,202124,݂̐X,2026-01-18,,,,,,,,,,,
221309,É,ls,2021240119,202124,݂̐X,2026-01-19,,,,,,,,,R~jeB,,
221309,É,ls,2021240120,202124,݂̐X,2026-01-20,,,,,,,,,,,
221309,É,ls,2021240121,202124,݂̐X,2026-01-21,,,,,,,,,,,
221309,É,ls,2021240122,202124,݂̐X,2026-01-22,,,,,,,,,,̘b,
221309,É,ls,2021240123,202124,݂̐X,2026-01-23,,,,,,,,,,,
221309,É,ls,2021240124,202124,݂̐X,2026-01-24,y,,,,,,,,,,
221309,É,ls,2021240125,202124,݂̐X,2026-01-25,,,,,,,,,,,
221309,É,ls,2021240126,202124,݂̐X,2026-01-26,,,,,,,,,R~jeB,,
221309,É,ls,2021240127,202124,݂̐X,2026-01-27,,,,,,,,,,,
221309,É,ls,2021240128,202124,݂̐X,2026-01-28,,,,,,,,,,,
221309,É,ls,2021240129,202124,݂̐X,2026-01-29,,,,,,,,,,,
221309,É,ls,2021240130,202124,݂̐X,2026-01-30,,,,,,,,,,,
221309,É,ls,2021240131,202124,݂̐X,2026-01-31,y,,,,,,,,,,
221309,É,ls,2024031222,202403,˂ނ̂,2025-12-22,,,,,,,,,,,
221309,É,ls,2024031223,202403,˂ނ̂,2025-12-23,,,,,,,,,,,
221309,É,ls,2024031224,202403,˂ނ̂,2025-12-24,,,,,,,,,TCtlk,,
221309,É,ls,2024031225,202403,˂ނ̂,2025-12-25,,,,,,,,,,,
221309,É,ls,2024031226,202403,˂ނ̂,2025-12-26,,,,,,,,,,,
221309,É,ls,2024031227,202403,˂ނ̂,2025-12-27,y,,,,,,,,,,
221309,É,ls,2024031228,202403,˂ނ̂,2025-12-28,,,,,,,,,,,
221309,É,ls,2024031229,202403,˂ނ̂,2025-12-29,,,,,,,,,,,
221309,É,ls,2024031230,202403,˂ނ̂,2025-12-30,,,,,,,,,,,
221309,É,ls,2024031231,202403,˂ނ̂,2025-12-31,,,,,,,,,,,
221309,É,ls,2024030101,202403,˂ނ̂,2026-01-01,,,,,,,,,,,
221309,É,ls,2024030102,202403,˂ނ̂,2026-01-02,,,,,,,,,,,
221309,É,ls,2024030103,202403,˂ނ̂,2026-01-03,y,,,,,,,,,,
221309,É,ls,2024030104,202403,˂ނ̂,2026-01-04,,,,,,,,,,,
221309,É,ls,2024030105,202403,˂ނ̂,2026-01-05,,,,,,,,,,,
221309,É,ls,2024030106,202403,˂ނ̂,2026-01-06,,,,,,,,,,Y̘b,
221309,É,ls,2024030107,202403,˂ނ̂,2026-01-07,,,,,,,,,,,
221309,É,ls,2024030108,202403,˂ނ̂,2026-01-08,,,,,,,,,,,
221309,É,ls,2024030109,202403,˂ނ̂,2026-01-09,,,,,,,,,,,
221309,É,ls,2024030110,202403,˂ނ̂,2026-01-10,y,,,,,,,,,,
221309,É,ls,2024030111,202403,˂ނ̂,2026-01-11,,,,,,,,,,,
221309,É,ls,2024030112,202403,˂ނ̂,2026-01-12,,,,,,,,,,,
221309,É,ls,2024030113,202403,˂ނ̂,2026-01-13,,,,,,,,,,,
221309,É,ls,2024030114,202403,˂ނ̂,2026-01-14,,,,,,,,,TCtlk,,
221309,É,ls,2024030115,202403,˂ނ̂,2026-01-15,,,,,,,,,,,
221309,É,ls,2024030116,202403,˂ނ̂,2026-01-16,,,,,,,,,,,
221309,É,ls,2024030117,202403,˂ނ̂,2026-01-17,y,,,,,,,,,,
221309,É,ls,2024030118,202403,˂ނ̂,2026-01-18,,,,,,,,,,,
221309,É,ls,2024030119,202403,˂ނ̂,2026-01-19,,,,,,,,,,,
221309,É,ls,2024030120,202403,˂ނ̂,2026-01-20,,,,,,,,,,Y̘b,
221309,É,ls,2024030121,202403,˂ނ̂,2026-01-21,,,,,,,,,TCtlk,,
221309,É,ls,2024030122,202403,˂ނ̂,2026-01-22,,,,,,,,,,,
221309,É,ls,2024030123,202403,˂ނ̂,2026-01-23,,,,,,,,,,,
221309,É,ls,2024030124,202403,˂ނ̂,2026-01-24,y,,,,,,,,,,
221309,É,ls,2024030125,202403,˂ނ̂,2026-01-25,,,,,,,,,,,
221309,É,ls,2024030126,202403,˂ނ̂,2026-01-26,,,,,,,,,,,
221309,É,ls,2024030127,202403,˂ނ̂,2026-01-27,,,,,,,,,,,
221309,É,ls,2024030128,202403,˂ނ̂,2026-01-28,,,,,,,,,TCtlk,,
221309,É,ls,2024030129,202403,˂ނ̂,2026-01-29,,,,,,,,,,,
221309,É,ls,2024030130,202403,˂ނ̂,2026-01-30,,,,,,,,,,,
221309,É,ls,2024030131,202403,˂ނ̂,2026-01-31,y,,,,,,,,,,
221309,É,ls,2021251222,202125,܂т,2025-12-22,,,,,,,,,,,
221309,É,ls,2021251223,202125,܂т,2025-12-23,,,,,,,,,,,
221309,É,ls,2021251224,202125,܂т,2025-12-24,,,,,,,,,,,
221309,É,ls,2021251225,202125,܂т,2025-12-25,,,,,,,,,,,
221309,É,ls,2021251226,202125,܂т,2025-12-26,,,,,,,,,,,
221309,É,ls,2021251227,202125,܂т,2025-12-27,y,,,,,,,,,,
221309,É,ls,2021251228,202125,܂т,2025-12-28,,,,,,,,,,,
221309,É,ls,2021251229,202125,܂т,2025-12-29,,,,,,,,,,,
221309,É,ls,2021251230,202125,܂т,2025-12-30,,,,,,,,,,,
221309,É,ls,2021251231,202125,܂т,2025-12-31,,,,,,,,,,,
221309,É,ls,2021250101,202125,܂т,2026-01-01,,,,,,,,,,,
221309,É,ls,2021250102,202125,܂т,2026-01-02,,,,,,,,,,,
221309,É,ls,2021250103,202125,܂т,2026-01-03,y,,,,,,,,,,
221309,É,ls,2021250104,202125,܂т,2026-01-04,,,,,,,,,,,
221309,É,ls,2021250105,202125,܂т,2026-01-05,,,,,,,,,,,
221309,É,ls,2021250106,202125,܂т,2026-01-06,,,,,,,,,,,
221309,É,ls,2021250107,202125,܂т,2026-01-07,,,,,,,,,,,
221309,É,ls,2021250108,202125,܂т,2026-01-08,,,,,,,,,,,
221309,É,ls,2021250109,202125,܂т,2026-01-09,,,,,,,,,,,
221309,É,ls,2021250110,202125,܂т,2026-01-10,y,,,,,,,,,,
221309,É,ls,2021250111,202125,܂т,2026-01-11,,,,,,,,,,,
221309,É,ls,2021250112,202125,܂т,2026-01-12,,,,,,,,,,,
221309,É,ls,2021250113,202125,܂т,2026-01-13,,,,,,,,,,,
221309,É,ls,2021250114,202125,܂т,2026-01-14,,,,,,,,,,,
221309,É,ls,2021250115,202125,܂т,2026-01-15,,,,,,,,,,,
221309,É,ls,2021250116,202125,܂т,2026-01-16,,,,,,,,,,,
221309,É,ls,2021250117,202125,܂т,2026-01-17,y,,,,,,,,,,x̓vCh@ppW܂ł
221309,É,ls,2021250118,202125,܂т,2026-01-18,,,,,,,,,,,
221309,É,ls,2021250119,202125,܂т,2026-01-19,,,,,,,,,,Y̘b,
221309,É,ls,2021250120,202125,܂т,2026-01-20,,,,,,,,,,,
221309,É,ls,2021250121,202125,܂т,2026-01-21,,,,,,,,,,,
221309,É,ls,2021250122,202125,܂т,2026-01-22,,,,,,,,,,,
221309,É,ls,2021250123,202125,܂т,2026-01-23,,,,,,,,,,,
221309,É,ls,2021250124,202125,܂т,2026-01-24,y,,,,,,,,,,
221309,É,ls,2021250125,202125,܂т,2026-01-25,,,,,,,,,,,
221309,É,ls,2021250126,202125,܂т,2026-01-26,,,,,,,,,,Ԃpi̘b,
221309,É,ls,2021250127,202125,܂т,2026-01-27,,,,,,,,,,,
221309,É,ls,2021250128,202125,܂т,2026-01-28,,,,,,,,,,,
221309,É,ls,2021250129,202125,܂т,2026-01-29,,,,,,,,,,,
221309,É,ls,2021250130,202125,܂т,2026-01-30,,,,,,,,,,,
221309,É,ls,2021250131,202125,܂т,2026-01-31,y,,,,,,,,,,
